district_code,district_name,name,address,address_coordinates,services,business_status
central_western_district,Central & Western District,Central District Branch,"2A Des Voeux Road Central, Hong Kong","22.280249,114.160161",ATM_RMB,
central_western_district,Central & Western District,Bonham Road Branch,"63 Bonham Road, Hong Kong","22.2844809,114.1409265",ATM_RMB,
central_western_district,Central & Western District,Shek Tong Tsui Branch,"534 Queen's Road West,  Shek Tong Tsui, Hong Kong","22.2862301,114.1345169",ATM_RMB,
central_western_district,Central & Western District,Kennedy Town Branch,"Harbour View Garden, 2-2F Catchick Street, Kennedy Town, Hong Kong","22.2835392,114.129382","ATM_RMB,CASH_DEPOSIT_DUAL_CURRENCY",
central_western_district,Central & Western District,Connaught Road Central Branch,"13-14 Connaught Road Central, Hong Kong","22.282915,114.157785",ATM_RMB,
central_western_district,Central & Western District,Caine Road Branch,"57 Caine Road, Hong Kong","22.2808553,114.1526749",ATM_RMB,
central_western_district,Central & Western District,Des Voeux Road West Branch,"111-119 Des Voeux Road West, Hong Kong","22.2878895,114.1445758",ATM_RMB,
central_western_district,Central & Western District,Gilman Street Branch,"136 Des Voeux Road Central, Hong Kong","22.2852041,114.154669",ATM_RMB,
central_western_district,Central & Western District,Wyndham Street Branch,"G/F, South China Building, 1-3 Wyndham Street, Central, Hong Kong","22.2812076,114.1564853",ATM_RMB,
central_western_district,Central & Western District,Queen's Road Central Branch,"81-83 Queen’s Road Central, Hong Kong","22.2833787,114.1552884",ATM_RMB,
central_western_district,Central & Western District,Western District Branch,"386-388 Des Voeux Road West, Hong Kong","22.28681066270472,114.13728140294552","ATM_RMB,CASH_DEPOSIT_DUAL_CURRENCY",
central_western_district,Central & Western District,First Street Branch,"55A First Street, Sai Ying Pun, Hong Kong","22.2865402,114.1425311",ATM_RMB,
central_western_district,Central & Western District,United Centre Branch,"Shop 1021, United Centre, 95 Queensway, Hong Kong","22.278421,114.165361",ATM_RMB,
central_western_district,Central & Western District,Shun Tak Centre Branch,"Shop 225, 2/F, Shun Tak Centre, 200 Connaught Road Central, HK","22.288101,114.1512204",ATM_RMB,
central_western_district,Central & Western District,Bank of China Tower Branch,"1 Garden Road, Hong Kong","22.27925,114.161572",ATM_RMB,
central_western_district,Central & Western District,Central District (Wing On House) Branch,"B/F-2/F, Wing on House, 71 Des Voeux Road Central, Hong Kong","22.283852,114.1564086","ATM_RMB,CASH_DEPOSIT_DUAL_CURRENCY",
central_western_district,Central & Western District,Queen's Road West (Sheung Wan) Branch,"2-12 Queen's Road West, Sheung Wan, Hong Kong","22.2864297,114.1485646",ATM_RMB,
central_western_district,Central & Western District,Admiralty Centre ATM Services,"Shop#97, 1/F Admiralty Centre, 18 Harcourt Road, HK","22.279481,114.165224","ATM_CENTRE,ATM_RMB,CASH_DEPOSIT_DUAL_CURRENCY,CHEQUE_DEPOSIT,SELF_SERVICE",
central_western_district,Central & Western District,MTR Admiralty Station,"MTR Admiralty Station","22.2780189,114.165959","ATM_CENTRE,ATM_RMB",
central_western_district,Central & Western District,MTR Sheung Wan Station,"MTR Sheung Wan Station","22.286659,114.151947","ATM_CENTRE,ATM_RMB",
central_western_district,Central & Western District,MTR Central Station,"MTR Central Station","22.281488,114.158554","ATM_CENTRE,ATM_RMB",
central_western_district,Central & Western District,Euro Trade Centre ATM Services Centre,"Shop No.W, Euro Trade Centre 13-14 Connaught Road Central, HK","22.2827585,114.1576765","ATM_CENTRE,ATM_RMB",
central_western_district,Central & Western District,MTR Hong Kong Station,"MTR Hong Kong Station","22.28424,114.158882","ATM_CENTRE,ATM_RMB",
central_western_district,Central & Western District,3/F Bank of China Tower,"3/F Bank of China Tower, 1 Garden Road, HK","22.2796675,114.1612875","ATM_CENTRE,ATM_RMB,CASH_DEPOSIT_DUAL_CURRENCY,CHEQUE_DEPOSIT",
central_western_district,Central & Western District,G/F Bank of China Tower,"G/F Bank of China Tower, 1 Garden Road, HK","22.2796675,114.1612875","ATM_CENTRE,ATM_RMB,CHEQUE_DEPOSIT",
central_western_district,Central & Western District,University of Hong Kong ATM Centre,"Podium of Haking Wong Bldg, University of Hong Kong, Pok Fu Lam, HK","22.2828229,114.1361807","ATM_CENTRE,ATM_RMB",
central_western_district,Central & Western District,United Centre Self-Service Banking Centre,"Shop 1011, United Centre, 95 Queensway, HK","22.278421,114.165361","ATM_CENTRE,ATM_RMB,CASH_DEPOSIT_DUAL_CURRENCY,SELF_SERVICE",
central_western_district,Central & Western District,MTR Kennedy Town Station,"MTR Kennedy Town Station","22.281316,114.128987","ATM_CENTRE,ATM_RMB,CASH_DEPOSIT_DUAL_CURRENCY,SELF_SERVICE",
central_western_district,Central & Western District,MTR Sai Ying Pun Station,"MTR Sai Ying Pun Station","22.287326,114.144236","ATM_CENTRE,ATM_RMB",
central_western_district,Central & Western District,China's Foreign Ministry,"42 Kennedy Road, Central, Hong Kong","22.2770036,114.1630349",ATM_CENTRE,
central_western_district,Central & Western District,Central Barracks,"Block 10,  Central Barracks, Hong Kong","22.282400,114.163202","ATM_RMB,ATM_CENTRE",
central_western_district,Central & Western District,Hong Kong Special Administrative Region,"160 Connaught Road West, Sai Ying Pun, Hong Kong","22.288070,114.139828","ATM_CENTRE,ATM_RMB",
wan_chai_district,Wan Chai District,Happy Valley Wealth Management Centre,"Nos. 49-51A, Sing Woo Road, Happy Valley, Hong Kong","22.268552,114.186533",ATM_RMB,
wan_chai_district,Wan Chai District,409 Hennessy Road Branch,"409-415 Hennessy Road, Wan Chai, Hong Kong","22.279338,114.180549",ATM_RMB,
wan_chai_district,Wan Chai District,Wan Chai (China Overseas Building) Branch,"139 Hennessy Road, Wan Chai, Hong Kong","22.2776532,114.172805",ATM_RMB,
wan_chai_district,Wan Chai District,Percival Street Branch,"18 Percival Street, Causeway Bay, Hong Kong","22.2810066,114.1824703",ATM_RMB,
wan_chai_district,Wan Chai District,Harbour Road Branch,"Shop 4, G/F, Causeway Centre, 28 Harbour Road, Wan Chai, Hong Kong","22.2798311,114.1760776","ATM_RMB,CASH_DEPOSIT_DUAL_CURRENCY",
wan_chai_district,Wan Chai District,Wan Chai (Wu Chung House) Branch,"213 Queen's Road East, Wan Chai, Hong Kong","22.2745372,114.1728407",ATM_RMB,
wan_chai_district,Wan Chai District,Johnston Road Branch,"152-158 Johnston Road, Wan Chai, Hong Kong","22.276552,114.174389",ATM_RMB,
wan_chai_district,Wan Chai District,Causeway Bay Branch,"Shop B, C & D on G/F & 1/F-3/F, Radio City, 505 Hennessy Road, Causeway Bay, Hong Kong","22.280542,114.183335",ATM_RMB,
wan_chai_district,Wan Chai District,Happy Valley Branch,"11 King Kwong Street, Happy Valley, Hong Kong","22.268921,114.185223",ATM_RMB,
wan_chai_district,Wan Chai District,Jardine's Bazaar Branch,"G/F, Siki Centre, No.23 Jardine's Bazaar, Causeway Bay, Hong Kong","22.279608,114.185114",ATM_RMB,
wan_chai_district,Wan Chai District,MTR Wan Chai Station,"MTR Wan Chai Station","22.2773543,114.1730167","ATM_CENTRE,ATM_RMB",
wan_chai_district,Wan Chai District,Happy Valley Racecourse (Public Stand) ATM Services Centre,"Happy Valley Racecourse - Public Entrance","22.269802,114.18402","ATM_CENTRE,ATM_RMB",
wan_chai_district,Wan Chai District,Happy Valley Racecourse(Member Stand) ATM Services Centre,"Happy Valley Racecourse-1/F Member's Main Entrance","22.2722588771868,114.1803503036499","ATM_CENTRE,ATM_RMB",
wan_chai_district,Wan Chai District,MTR Causeway Bay Station,"MTR Causeway Bay Station","22.2800834,114.1826128","ATM_CENTRE,ATM_RMB",
wan_chai_district,Wan Chai District,Immigration Tower ATM Services Centre,"Room 1, 1/F Immigration Tower 7 Gloucester Road, Wan Chai, HK","22.2793434,114.1731023","ATM_CENTRE,ATM_RMB",
wan_chai_district,Wan Chai District,Leighton Road Branch,"Shop A & B, G/F, First Commercial Building, 33-35 Leighton Road, Causeway Bay, Hong Kong","22.277174,114.1819011","ATM_CENTRE,ATM_RMB,CASH_DEPOSIT_DUAL_CURRENCY,CHEQUE_DEPOSIT,SELF_SERVICE",
wan_chai_district,Wan Chai District,Ruttonjee Hospital,"LG3, Ruttonjee Hospital, 266 Queen's Road East, Wan Chai, Hong Kong","22.275799,114.175333","ATM_RMB,ATM_CENTRE",
wan_chai_district,Wan Chai District,Tung Wah Eastern Hospital,"G/F, Main Block, Tung Wah Eastern Hospital, 19 Eastern Hospital Road, Causeway Bay, Hong Kong","22.274776,114.190236","ATM_RMB,ATM_CENTRE",
wan_chai_district,Wan Chai District,The Hong Kong Academy for Performing Arts,"Portion of G/F Academy Block, The Hong Kong Academy for Performing Arts, 1 Gloucester Road, Wan Chai, Hong Kong","22.280042,114.170094","ATM_RMB,ATM_CENTRE",
eastern_district,Eastern District,Heng Fa Chuen Branch,"Shop 205-208, East Wing Shopping Ctr, Heng Fa Chuen, Chai Wan, HK","22.277675,114.2395195",ATM_RMB,
eastern_district,Eastern District,North Point (Hang Ying Building) Branch,"Shop B1, 318-328 King' s Road, North Point, Hong Kong","22.290118916372773,114.19621556997299",ATM_RMB,
eastern_district,Eastern District,Quarry Bay Branch,"Parkvale, 1060 King's Road, Quarry Bay, Hong Kong","22.2845867,114.2133736",ATM_RMB,
eastern_district,Eastern District,Sai Wan Ho Branch,"142-146 Shau Kei Wan Road, Sai Wan Ho, Hong Kong","22.2811483,114.2226749",ATM_RMB,
eastern_district,Eastern District,Lee Chung Street Branch,"29-31 Lee Chung Street, Chai Wan, Hong Kong.","22.2657514,114.2359625","ATM_RMB,CASH_DEPOSIT_DUAL_CURRENCY",
eastern_district,Eastern District,Sheung On Street Branch,"77 Sheung On Street, Chai Wan, Hong Kong","22.2674931,114.243502","ATM_RMB,CASH_DEPOSIT_DUAL_CURRENCY",
eastern_district,Eastern District,King's Road Branch,"131-133 King's Road, North Point, Hong Kong","22.2876806,114.1929691",ATM_RMB,
eastern_district,Eastern District,Healthy Village Branch,"Shop 1&2, Healthy Village Phase II, 668 King's Rd, North Point, HK","22.2919531,114.2062597","ATM_RMB,CASH_DEPOSIT_DUAL_CURRENCY",
eastern_district,Eastern District,Chai Wan Branch,"Block B, Walton Estate, 341-343 Chai Wan Road, Chai Wan, Hong Kong","22.263987,114.2392275",ATM_RMB,
eastern_district,Eastern District,Siu Sai Wan Branch,"Shop 19, Cheerful Garden, Siu Sai Wan, Hong Kong","22.2627311,114.2509844",ATM_RMB,
eastern_district,Eastern District,Aldrich Garden  Branch,"Shop 58, Aldrich Garden, Shau Kei Wan, Hong Kong","22.2801139,114.2281781",ATM_RMB,
eastern_district,Eastern District,Kam Wa Street Branch,"3 Kam Wa Street, Shau Kei Wan, Hong Kong","22.2779651,114.2302779",ATM_RMB,
eastern_district,Eastern District,City Garden Branch,"233 Electric Road, North Point, Hong Kong","22.29075921449037,114.19449627399445",ATM_RMB,
eastern_district,Eastern District,Taikoo Shing Branch,"Shop P1025-1026 , Chi Sing Mansion, Taikoo Shing, HK","22.286204,114.2186012",ATM_RMB,
eastern_district,Eastern District,North Point Branch,"Shop B & C, G/F, King's Towers, 480 King's Road, North Point, Hong Kong","22.291197,114.201019",ATM_RMB,
eastern_district,Eastern District,Shau Kei Wan (Po Man Building) Branch,"260-262 Shau Kei Wan Road, Shau Kei Wan, Hong Kong","22.2803379,114.2246653",ATM_RMB,
eastern_district,Eastern District,North Point (King's Centre) Branch,"193-209 King's Road, North Point, Hong Kong","22.28943828618466,114.19420726597309",ATM_RMB,
eastern_district,Eastern District,Lai Tak Tsuen,"G/F, Block 6, Lai Tak Tsuen, Tai Hang, HK","22.2784156,114.1939856","ATM_CENTRE,ATM_RMB",
eastern_district,Eastern District,Tin Hau Lau Sin Street ATM Services,"G/F, Park View Mansion, #3 Lau Sin Street, Tin Hau, HK","22.283216,114.192162","ATM_CENTRE,ATM_RMB,CASH_DEPOSIT_DUAL_CURRENCY,SELF_SERVICE",
eastern_district,Eastern District,MTR Tai Koo Station,"MTR Tai Koo Station","22.2845337,114.2162496","ATM_CENTRE,ATM_RMB",
eastern_district,Eastern District,MTR North Point Station,"MTR North Point Station","22.290879,114.2006345","ATM_CENTRE,ATM_RMB",
eastern_district,Eastern District,MTR Tin Hau Station,"MTR Tin Hau Station","22.2826838,114.1915316","ATM_CENTRE,ATM_RMB",
eastern_district,Eastern District,MTR Heng Fa Chuen Station,"MTR Heng Fa Chuen Station","22.2766647,114.2398653","ATM_CENTRE,ATM_RMB",
eastern_district,Eastern District,MTR Chai Wan Station,"MTR Chai Wan Station","22.2645261,114.2371801","ATM_CENTRE,ATM_RMB",
eastern_district,Eastern District,MTR Fortress Hill Station,"MTR Fortress Hill Station","22.2883244,114.1939313","ATM_CENTRE,ATM_RMB",
eastern_district,Eastern District,MTR Shau Kei Wan Station,"MTR Shau Kei Wan Station","22.2789312,114.2291588","ATM_CENTRE,ATM_RMB",
eastern_district,Eastern District,Yiu Tung Shopping Centre ATM Services,"1/F, Yiu Tung Shopping Centre, Yiu Tung Estate, Shaukeiwan","22.277426,114.224106","ATM_CENTRE,ATM_RMB",
eastern_district,Eastern District,MTR Sai Wan Ho Station,"MTR Sai Wan Ho Station","22.2818951,114.222468","ATM_CENTRE,ATM_RMB",
eastern_district,Eastern District,Kornhill Plaza (South) ATM Services Centre,"2/F, Kornhill Plaza (South), 2 Kornhill Road, Quarry Bay, HK","22.284487,114.216001","ATM_CENTRE,ATM_RMB",
eastern_district,Eastern District,MTR Quarry Bay Station,"MTR Quarry Bay Station","22.287944859016434,114.20982778072357","ATM_CENTRE,ATM_RMB",
eastern_district,Eastern District,Taikoo Shing (Yiu Sing Mansion),"G1012-G1013, Yiu Sing Mansion, Taikoo Shing, Hong Kong","22.286372,114.218760","ATM_CENTRE,ATM_RMB,CASH_DEPOSIT_DUAL_CURRENCY,CHEQUE_DEPOSIT,SELF_SERVICE",
eastern_district,Eastern District,Tsui Wan Estate,"ATM No.2 Ground Floor, Tsui Wan Shopping Centre, Tsui Wan Estate, Chai Wan, Hong Kong","22.267949,114.240396","ATM_CENTRE,ATM_RMB",
eastern_district,Eastern District,China Life (Overseas),"G/F, 480 King's Road, North Point.","22.291066,114.201141","ATM_CENTRE,ATM_RMB",
eastern_district,Eastern District,AIA Tower,"12/F AIA Tower, 183 Electric Road, North Point Hong Kong","22.288422,114.192742",CHEQUE_DEPOSIT,
eastern_district,Eastern District,North Point Wealth Management Centre,"Shop 5B , G/F, Roca Centre, 460-470 King's Road, North Point, Hong Kong","22.291105,114.200661","ATM_CENTRE,ATM_RMB",
eastern_district,Eastern District,Pamela Youde Nethersole Eastern Hospital,"G/F, Main Block, Pamela Youde Nethersole Eastern Hospital, 3 Lok Man Road, Chai Wan, Hong Kong","22.269438,114.236508","ATM_RMB,ATM_CENTRE",
southern_district,Southern District,Hong Kong Parkview,"G/F, Commercial Centre, Hong Kong Parkview, 88 Tai Tam Reservoir Rd, HK","22.2581293,114.1983816","ATM_CENTRE,ATM_RMB",
southern_district,Southern District,Aberdeen Branch,"25 Wu Pak Street, Aberdeen, Hong Kong","22.2481767,114.1550356",ATM_RMB,
southern_district,Southern District,Ap Lei Chau Branch,"13-15 Wai Fung Street, Ap Lei Chau, Hong Kong","22.2441922,114.1565771",ATM_RMB,
southern_district,Southern District,Tin Wan Branch,"2-12 Ka Wo Street, Tin Wan, Hong Kong","22.2496827,114.148904","ATM_RMB,CASH_DEPOSIT_DUAL_CURRENCY",
southern_district,Southern District,South Horizons Branch,"G38, West Centre Marina Square, South Horizons, Ap Lei Chau, HK","22.243666,114.146845",ATM_RMB,
southern_district,Southern District,Chi Fu Landmark Branch,"Shop 510, Chi Fu Landmark, Pok Fu Lam, Hong Kong","22.257917,114.138883","ATM_RMB,CASH_DEPOSIT_DUAL_CURRENCY",
southern_district,Southern District,Stanley Branch,"Shop No.301B, Stanley Plaza, Hong Kong","22.219544079024516,114.20982241630554",ATM_RMB,
southern_district,Southern District,Shek Pai Wan Shopping Centre ATM Services,"Next to Shop 2, LG 1/F, Shek Pai Wan Shopping Centre","22.249771,114.157404","ATM_CENTRE,ATM_RMB",
southern_district,Southern District,Wong Chuk Hang Road,"40 Wong Chuk Hang Road, Hong Kong.","22.248186,114.166206","ATM_CENTRE,ATM_RMB",
southern_district,Southern District,Hong Kong Adventist Hospital,"ATM at Hong Kong Adventist Hospital, 40 Stubbs Road,Hong Kong.","22.263565,114.184265","ATM_CENTRE,ATM_RMB",
southern_district,Southern District,Lei Tung Commercial Centre,"ATM No.2 on Level 2, Phase II of Lei Tung Commercial Centre, Hong Kong.","22.241107,114.156484","ATM_CENTRE,ATM_RMB",
southern_district,Southern District,Ap Lei Chau Estate,"Shop No.12 Ground Floor, Lei Chak House, Ap Lei Chau Estate, 322,326,328,330 and 332 Ap Lei Chau Bridge Road, Ap Lei Chau, Hong Kong.","22.244708,114.150138","ATM_CENTRE,ATM_RMB",
southern_district,Southern District,Wah Fu (1) Shopping Centre,"Shop No.22 at  G/F, Wah Fu (1) Shopping Centre, 23 Wah Fu Road, Pokfulam, Hong Kong","22.250162,114.137494","ATM_CENTRE,ATM_RMB,CHEQUE_DEPOSIT,CASH_DEPOSIT_DUAL_CURRENCY,SELF_SERVICE",
southern_district,Southern District,Grantham Hospital,"G/F, Main Block, Grantham Hospital, 125 Wong Chuk Hang Road, Aberdeen, HK","22.251101,114.173293","ATM_RMB,ATM_CENTRE",
southern_district,Southern District,Queen Mary Hospital,"G/F, Wing A, Main Hospital Building, Queen Mary Hospital, 102 Pokfulam Road, Hong Kong","22.270272,114.131178","ATM_RMB,ATM_CENTRE",
southern_district,Southern District,Ocean Park Station,"ATM Site OCP 4-b, Unpaid Concourse of MTR Ocean Park Station","22.248724,114.174318","ATM_CENTRE,ATM_RMB",
southern_district,Southern District,Lei Tung Station,"ATM Site LET ATM1, Unpaid Concourse of MTR Lei Tung Station","22.241936,114.156096","ATM_CENTRE,ATM_RMB",
southern_district,Southern District,Wong Chuk Hang Station,"Shop WCH6, Unpaid Concourse of MTR Wong Chuk Hang Station","22.247980,114.167985","ATM_CENTRE,ATM_RMB,CASH_DEPOSIT_DUAL_CURRENCY,SELF_SERVICE",
yau_tsim_mong_district,Yau Tsim Mong District,Prince Edward Branch,"774 Nathan Road, Kowloon","22.325211,114.1682503",ATM_RMB,
yau_tsim_mong_district,Yau Tsim Mong District,Fuk Tsun Street Branch,"32-40 Fuk Tsun Street, Tai Kok Tsui, Kowloon","22.3212951,114.1642719",ATM_RMB,
yau_tsim_mong_district,Yau Tsim Mong District,Humphrey's Avenue Branch,"4-4A Humphrey's Avenue, Tsim Sha Tsui, Kowloon","22.2981631,114.1726582",ATM_RMB,
yau_tsim_mong_district,Yau Tsim Mong District,Mong Kok (Silvercorp Int'l Tower) Branch,"Shop B, 707-713 Nathan Road, Mong Kok, Kowloon","22.32054410347764,114.16894018650055",ATM_RMB,
yau_tsim_mong_district,Yau Tsim Mong District,Jordan Road Branch,"1/F, Sino Cheer Plaza, 23-29 Jordan Road, Kowloon","22.3054987,114.1706548","ATM_RMB,CASH_DEPOSIT_DUAL_CURRENCY",
yau_tsim_mong_district,Yau Tsim Mong District,Mong Kok Branch,"589 Nathan Road, Mong Kok, Kowloon","22.3157722,114.1699893",ATM_RMB,
yau_tsim_mong_district,Yau Tsim Mong District,Prince Edward Road West (Mong Kok) Branch,"116-118 Prince Edward Road West, Mong Kok, Kowloon","22.324465,114.168068","",
yau_tsim_mong_district,Yau Tsim Mong District,Tsim Sha Tsui Branch,"24-28 Carnarvon Road, Tsim Sha Tsui, Kowloon","22.299577,114.173312",ATM_RMB,
yau_tsim_mong_district,Yau Tsim Mong District,Shanghai Street (Prince Edward) Branch,"689-693 Shanghai Street, Mong Kok, Kowloon","22.3225649,114.1673973",ATM_RMB,
yau_tsim_mong_district,Yau Tsim Mong District,Tai Kok Tsui Branch,"73-77 Tai Kok Tsui Road, Tai Kok Tsui, Kowloon","22.3203,114.1618055",ATM_RMB,
yau_tsim_mong_district,Yau Tsim Mong District,China Hong Kong City Branch,"Shop 19-20, 2/F, China Hong Kong City, 33 Canton Road, Tsim Sha Tsui , Kowloon","22.300477,114.1681502",ATM_RMB,
yau_tsim_mong_district,Yau Tsim Mong District,Jordan Branch,"328-330 Nathan Road, Kowloon","22.30667,114.1715893",ATM_RMB,
yau_tsim_mong_district,Yau Tsim Mong District,Mong Kok Road Branch,"50-52 Mong Kok Road, Mong Kok, Kowloon","22.3212348,114.1709626",ATM_RMB,
yau_tsim_mong_district,Yau Tsim Mong District,Olympian City Branch,"Shop 133, 1/F, Olympian City 2, 18 Hoi Ting Road, Kowloon","22.315719,114.162283",ATM_RMB,
yau_tsim_mong_district,Yau Tsim Mong District,Yau Ma Tei Branch,"471 Nathan Road, Yau Ma Tei, Kowloon","22.3109025,114.1708514",ATM_RMB,
yau_tsim_mong_district,Yau Tsim Mong District,Tsim Sha Tsui East Branch,"Shop 3, LG/F, Hilton Towers, 96 Granville Road,Tsim Sha Tsui East, Kowloon","22.299504,114.1768041","ATM_RMB,CASH_DEPOSIT_DUAL_CURRENCY",
yau_tsim_mong_district,Yau Tsim Mong District,Shanghai Street (Mong Kok) Branch,"611-617 Shanghai Street, Mong Kok, Kowloon","22.3193115,114.1680673",ATM_RMB,
yau_tsim_mong_district,Yau Tsim Mong District,Mong Kok (President Commercial Centre) Branch,"608 Nathan Road, Mong Kok, Kowloon","22.316565,114.1700596",ATM_RMB,
yau_tsim_mong_district,Yau Tsim Mong District,Cameron Road Wealth Management Centre,"30 Cameron Road, Tsim Sha Tsui, Kowloon","22.298987,114.174490",ATM_RMB,
yau_tsim_mong_district,Yau Tsim Mong District,MTR Prince Edward Station,"MTR Prince Edward Station","22.3246879,114.1682587","ATM_CENTRE,ATM_RMB",
yau_tsim_mong_district,Yau Tsim Mong District,MTR Tsim Sha Tsui Station,"MTR Tsim Sha Tsui Station","22.297415,114.171896","ATM_CENTRE,ATM_RMB",
yau_tsim_mong_district,Yau Tsim Mong District,East Rail Tsim Sha Tsui East Station,"Shop No.24 at Unpaid Concourse of MTR Tsim Sha Tsui East Station","22.2956492,114.1748335","ATM_CENTRE,ATM_RMB,CASH_DEPOSIT_DUAL_CURRENCY,SELF_SERVICE",
yau_tsim_mong_district,Yau Tsim Mong District,Bank of China Centre Self Service Banking Centre,"UG, Bank of China Centre, Olympian City 1, 11 Hoi Fai Road, KLN","22.319661,114.158159","ATM_CENTRE,ATM_RMB,CASH_DEPOSIT_DUAL_CURRENCY,SELF_SERVICE",
yau_tsim_mong_district,Yau Tsim Mong District,MTR Olympic Station,"MTR Olympic Station","22.317861856452488,114.16021160781384","ATM_CENTRE,ATM_RMB",
yau_tsim_mong_district,Yau Tsim Mong District,MTR Yau Ma Tei Station,"MTR Yau Ma Tei Station","22.3130319,114.1707112","ATM_CENTRE,ATM_RMB",
yau_tsim_mong_district,Yau Tsim Mong District,East Rail Mong Kok East Station,"Shop No.MKK 9 at Paid Concourse of MTR Mong Kok East Station","22.3223045,114.1725977","ATM_CENTRE,ATM_RMB,CASH_DEPOSIT_DUAL_CURRENCY,CHEQUE_DEPOSIT",
yau_tsim_mong_district,Yau Tsim Mong District,Shan Tung Street,"42-48 Shan Tung Street, Mong Kok, Kowloon","22.3177364,114.1710358","ATM_CENTRE,ATM_RMB,CASH_DEPOSIT_DUAL_CURRENCY,CHEQUE_DEPOSIT,SELF_SERVICE",
yau_tsim_mong_district,Yau Tsim Mong District,Tsim Sha Tsui Star Ferry Pier,"Shop Unit KP- 33B, Kowloon Point Ferry Pier, Star Ferry.","22.293981,114.168623","ATM_CENTRE,ATM_RMB",
yau_tsim_mong_district,Yau Tsim Mong District,Grand Plaza,"G/F, Grand Plaza, 625 & 639 Nathan Road, Mongkok, Kowloon.","22.317559,114.169437","ATM_CENTRE,ATM_RMB",
yau_tsim_mong_district,Yau Tsim Mong District,Canton Road Wealth Management Centre,"60 Canton Road, Tsim Sha Tsui, Kowloon","22.298280,114.168759","ATM_CENTRE,ATM_RMB",
yau_tsim_mong_district,Yau Tsim Mong District,MTR Mong Kok Station,"ATM Site MOK ATM 3 at Mong Kok Station","22.319415,114.169291","ATM_CENTRE,ATM_RMB",
yau_tsim_mong_district,Yau Tsim Mong District,New Kowloon Plaza,"Shop No.090 at G/F, New Kowloon Plaza, 38 Tai Kok Tsui Road, Kowloon.","22.319518,114.162466","ATM_CENTRE,ATM_RMB",
yau_tsim_mong_district,Yau Tsim Mong District,Kowloon Hospital,"UG/F, West Wing, Kowloon Hospital, 147A Argyle Street, Kowloon","22.32304,114.179407","ATM_RMB,ATM_CENTRE",
yau_tsim_mong_district,Yau Tsim Mong District,Queen Elizabeth Hospital (Block E),"G/F, Block E, Queen Elizabeth Hospital, 30 Gascoigne Road, Kowloon","22.307741,114.173856","ATM_RMB,ATM_CENTRE",
yau_tsim_mong_district,Yau Tsim Mong District,Hospital Authority Building,"G/F, Hospital Authority Building, 147B Argyle Street, Kowloon","22.324293,114.183204","ATM_RMB,ATM_CENTRE",
yau_tsim_mong_district,Yau Tsim Mong District,Queen Elizabeth Hospital (Block ACC),"G/F, ACC Block , Queen Elizabeth Hospital, 30 Gascoigne Road, Kowloon","22.309150,114.174370","ATM_RMB,ATM_CENTRE",
kowloon_city_district,Kowloon City District,Pak Tai Street Branch,"4-6 Pak Tai Street, To Kwa Wan, Kowloon","22.3202439,114.1879308","ATM_RMB,CASH_DEPOSIT_DUAL_CURRENCY",
kowloon_city_district,Kowloon City District,Waterloo Road Branch,"Shop A2, Man Kee Mansion, 86 Waterloo Road, Kowloon","22.3200882,114.1767814",ATM_RMB,
kowloon_city_district,Kowloon City District,Nga Tsin Wai Road Branch,"25 Nga Tsin Wai Road,  Kowloon City, Kowloon.","22.328759870044628,114.18966829776764",ATM_RMB,
kowloon_city_district,Kowloon City District,Prince Edward Road (Kowloon City) Branch,"382-384 Prince Edward Road, Kowloon City, Kowloon","22.3276356,114.1884391",ATM_RMB,
kowloon_city_district,Kowloon City District,Ma Tau Wai Road Branch,"47-49 Ma Tau Wai Road, Hung Hom, Kowloon","22.3113195,114.1877229",ATM_RMB,
kowloon_city_district,Kowloon City District,Ma Tau Kok Road Branch,"39-45 Ma Tau Kok Road, To Kwa Wan, Kowloon","22.3218812,114.1898927",ATM_RMB,
kowloon_city_district,Kowloon City District,Site 11 Whampoa Garden Branch,"Shop G6, Site 11 Whampoa Garden, Hung Hom, Kowloon","22.305643,114.18991",ATM_RMB,
kowloon_city_district,Kowloon City District,Hung Hom (Eldex Industrial Building) Branch,"21 Ma Tau Wai Road, Hung Hom, Kowloon","22.3082292,114.1876664",ATM_RMB,
kowloon_city_district,Kowloon City District,OUHK Branch,"The OUHK, 30 Good Shepherd St, Ho Man Tin, KLN","22.316144,114.180341","ATM_RMB,CASH_DEPOSIT_DUAL_CURRENCY",
kowloon_city_district,Kowloon City District,Festival Walk Branch,"Unit LG256, Festival Walk, Kowloon Tong, Kowloon","22.337135,114.174808",ATM_RMB,
kowloon_city_district,Kowloon City District,Hung Hom Wealth Management Centre,"37-39  Ma Tau Wai Road, Hung Hom, Kowloon","22.31002,114.1877097","",
kowloon_city_district,Kowloon City District,Whampoa Garden Branch,"Shop G8B, Site 1, Whampoa Garden, Hung Hom, Kowloon","22.3050785,114.188322",ATM_RMB,
kowloon_city_district,Kowloon City District,To Kwa Wan Branch,"80N To Kwa Wan Road, To Kwa Wan, Kowloon","22.3178463,114.1904224",ATM_RMB,
kowloon_city_district,Kowloon City District,MTR Kowloon Tong Station,"MTR Kowloon Tong Station","22.3370516,114.1759259","ATM_CENTRE,ATM_RMB",
kowloon_city_district,Kowloon City District,The HK PolyU ATM Centre,"Podium Level, 2/F Shaw Amenities Bldg, The HK PolyU, Hung Hom, KLN","22.3045487,114.179362","ATM_CENTRE,ATM_RMB",
kowloon_city_district,Kowloon City District,Whampoa Garden,"Shop G8B, Site 1, Whampoa Garden, Hung Hom, Kowloon","22.305078,114.188322","ATM_CENTRE,ATM_RMB,CASH_DEPOSIT_DUAL_CURRENCY,CHEQUE_DEPOSIT,SELF_SERVICE",
kowloon_city_district,Kowloon City District,Liberte Place ATM Services,"1/F, Beside Shop 129, Liberte Place, No.833 Lai Chi Kok Road, KLN","22.3353581,114.148304","ATM_CENTRE,ATM_RMB",
kowloon_city_district,Kowloon City District,City University of Hong Kong ATM Centre,"3/F, Academic Bldg, City University of Hong Kong, Tat Chee Ave, KLN","22.3355885,114.1726998","ATM_CENTRE,ATM_RMB",
kowloon_city_district,Kowloon City District,MTR Kowloon Station,"MTR Kowloon Station","22.3048155,114.1619118","ATM_CENTRE,ATM_RMB",
kowloon_city_district,Kowloon City District,MTR Jordan Station,"MTR Jordan Station","22.3048748,114.1716793","ATM_CENTRE,ATM_RMB",
kowloon_city_district,Kowloon City District,East Rail Hung Hom Station,"East Rail Hung Hom Station","22.3027602,114.1817587","ATM_CENTRE,ATM_RMB",
kowloon_city_district,Kowloon City District,West Rail Austin Station,"Shop No.104 at unpaid concourse of MTR Austin Station","22.3035449,114.1666256","ATM_CENTRE,ATM_RMB,CASH_DEPOSIT_DUAL_CURRENCY",
kowloon_city_district,Kowloon City District,Ching Long Shopping Centre,"ATM Site at 1/F, Zone A, Ching Long Shopping Centre, Kowloon City, Kowloon.","22.3318228,114.2030471","ATM_CENTRE,ATM_RMB",
kowloon_city_district,Kowloon City District,Whampoa Wealth Management Centre,"Shops A1-A2 & G1, G/F, Block A-E Whampoa Estate, Nos. 1-15 Tak Man Street , Hung Hom, Kowloon","22.306576,114.187436",ATM_CENTRE,
sham_shui_po_district,Sham Shui Po District,Nam Shan Estate,"Next to Shop 112, Nam Lok House, Nam Shan Estate, KLN","22.332819502100172,114.17075805366039","ATM_CENTRE,ATM_RMB",
sham_shui_po_district,Sham Shui Po District,Lai Yiu Estate,"Next to Shop 1, Market, Lai Yiu Estate","22.354119,114.131036","ATM_CENTRE,ATM_RMB",
sham_shui_po_district,Sham Shui Po District,Ngong Shuen Chau Barracks,"Bar, Block 7, Ngong Shuen Chau Barracks","22.319262536746088,114.13632787764072","ATM_CENTRE,ATM_RMB",
sham_shui_po_district,Sham Shui Po District,194 Cheung Sha Wan Road Branch,"194-196 Cheung Sha Wan Road, Sham Shui Po, Kowloon","22.330662856665082,114.16272014379501",ATM_RMB,
sham_shui_po_district,Sham Shui Po District,Lei Cheng Uk Estate Branch,"Shop 108, Lei Cheng Uk Commercial Centre, Lei Cheng Uk Estate, Kowloon","22.338538,114.158465",ATM_RMB,
sham_shui_po_district,Sham Shui Po District,Sham Shui Po Branch,"207-211 Nam Cheong Street, Sham Shui Po, Kowloon","22.331698,114.1654591",ATM_RMB,
sham_shui_po_district,Sham Shui Po District,Mei Foo Mount Sterling Mall Branch,"Shop N47-49, G/F, Mount Sterling Mall, Mei Foo Sun Chuen, Kowloon","22.337734,114.140080",ATM_RMB,
sham_shui_po_district,Sham Shui Po District,223 Nam Cheong Street Branch,"223 Nam Cheong Street, Sham Shui Po, Kowloon","22.3339521,114.1674579",ATM_RMB,
sham_shui_po_district,Sham Shui Po District,Cheung Sha Wan Plaza Branch,"Shop G08, Cheung Sha Wan Plaza, 833 Cheung Sha Wan Road, Kowloon","22.3368013,114.1486814",ATM_RMB,
sham_shui_po_district,Sham Shui Po District,Dragon Centre Branch,"Shop 206A, Dragon Centre, 37K Yen Chow Street, Sham Shui Po, Kowloon","22.331107,114.159776",ATM_RMB,
sham_shui_po_district,Sham Shui Po District,Sham Shui Po (On Ning Building) Branch,"147-149 Castle Peak Road, Sham Shui Po, Kowloon","22.3348414,114.1609465",ATM_RMB,
sham_shui_po_district,Sham Shui Po District,Yu Chau Street Branch,"42-46 Yu Chau Street, Sham Shui Po, Kowloon","22.326539,114.1658899",ATM_RMB,
sham_shui_po_district,Sham Shui Po District,Mei Foo Wealth Management Centre,"Shop 17-B, G/F, Mount Sterling Mall, Mei Foo Sun Chuen, Kowloon","22.338021,114.138414",ATM_RMB,
sham_shui_po_district,Sham Shui Po District,Kowloon Plaza Branch,"Unit 1, Kowloon Plaza, 485 Castle Peak Road, Kowloon","22.3386997,114.1492228",ATM_RMB,
sham_shui_po_district,Sham Shui Po District,Castle Peak Road (Cheung Sha Wan) Branch,"365-371 Castle Peak Road, Cheung Sha Wan, Kowloon","22.3388095,114.1558362",ATM_RMB,
sham_shui_po_district,Sham Shui Po District,Fu Cheong Estate ATM Services,"G/F, Multi-Storey Commercial Accommodation, Fu Cheong Estate, Sai Chuen Road, Sham Shui Po, Kln","22.32764833521092,114.15504097938538","ATM_CENTRE,ATM_RMB",
sham_shui_po_district,Sham Shui Po District,Stage 2 Mei Foo Sun Chuen Branch,"19 Glee Path, Mei Foo Sun Chuen, Kowloon","22.3363016,114.1398676",ATM_RMB,
sham_shui_po_district,Sham Shui Po District,MTR Cheung Sha Wan Station,"MTR Cheung Sha Wan Station","22.3352475,114.1563115","ATM_CENTRE,ATM_RMB",
sham_shui_po_district,Sham Shui Po District,MTR Lai Chi Kok Station,"MTR Lai Chi Kok Station","22.3373673,114.148211","ATM_CENTRE,ATM_RMB",
sham_shui_po_district,Sham Shui Po District,MTR Mei Foo Station,"MTR Mei Foo Station","22.3388814,114.1365657","ATM_CENTRE,ATM_RMB",
sham_shui_po_district,Sham Shui Po District,MTR Sham Shui Po Station,"MTR Sham Shui Po Station","22.3309117,114.162256","ATM_CENTRE,ATM_RMB",
sham_shui_po_district,Sham Shui Po District,MTR Shek Kip Mei Station,"MTR Shek Kip Mei Station","22.3320886,114.1688729","ATM_CENTRE,ATM_RMB",
sham_shui_po_district,Sham Shui Po District,Pak Tin Estate ATM Services,"Next to Main Entrance of DMO Office at G/F, Lai Tin House, Pak Tin Est","22.3349055,114.167416","ATM_CENTRE,ATM_RMB",
sham_shui_po_district,Sham Shui Po District,West Rail Nam Cheong Station,"West Rail Nam Cheong Station","22.3274697,114.1524136","ATM_CENTRE,ATM_RMB",
sham_shui_po_district,Sham Shui Po District,West Rail Mei Foo Station,"Shop No.MEF 102 at Mei Foo Station (West Rail Line)","22.3388814,114.1365657","ATM_CENTRE,ATM_RMB,CASH_DEPOSIT_DUAL_CURRENCY,CHEQUE_DEPOSIT",
sham_shui_po_district,Sham Shui Po District,Hoi Lai Shopping Centre,"ATM at the 1/F, Hoi Lai Shopping Centre, 100 Sham Mong Road,Sham Shui Po, Hong Kong","22.332534,114.146910","ATM_CENTRE,ATM_RMB",
sham_shui_po_district,Sham Shui Po District,Princess Margaret Hospital,"G/F, Main Block, Princess Margaret Hospital, 2-10 Princess Margaret Hospital Road, Lai Chi Kok, Kowloon","22.340426,114.134603","ATM_RMB,ATM_CENTRE",
sham_shui_po_district,Sham Shui Po District,Caritas Medical Centre,"3/F, Wai Ming Block, Caritas Medical Centre, 111 Wing Hong Street, Sham Shui Po, Kowloon","22.340620,114.152410","ATM_RMB,ATM_CENTRE",
wong_tai_sin_district,Wong Tai Sin District,Tsz Ching Shopping Centre ATM Services,"ATM No.2, G/F, Tsz Ching Shopping Centre II, Tsz Ching Estate, Wong Tai Sin","22.350947,114.200563","ATM_CENTRE,ATM_RMB",
wong_tai_sin_district,Wong Tai Sin District,Choi Wan Estate Branch,"A3-18 Commercial Complex, Choi Wan Estate, Kowloon","22.333367,114.215024",ATM_RMB,
wong_tai_sin_district,Wong Tai Sin District,Wong Tai Sin Branch,"Shop G13, Wong Tai Sin Plaza, Wong Tai Sin, Kowloon","22.341416,114.194194","ATM_RMB,CASH_DEPOSIT_DUAL_CURRENCY",
wong_tai_sin_district,Wong Tai Sin District,Choi Hung Road Branch,"58-68 Choi Hung Road, San Po Kong, Kowloon","22.335549,114.19436",ATM_RMB,
wong_tai_sin_district,Wong Tai Sin District,Yuk Wah Street Branch,"46-48 Yuk Wah Street, Tsz Wan Shan, Kowloon","22.3471564,114.2015015","ATM_RMB,CASH_DEPOSIT_DUAL_CURRENCY",
wong_tai_sin_district,Wong Tai Sin District,Tai Yau Street Branch,"35 Tai Yau Street, San Po Kong, Kowloon","22.3358068,114.197051",ATM_RMB,
wong_tai_sin_district,Wong Tai Sin District,Lok Fu Branch,"Shop G204, G/F, Lok Fu Place, 198 Junction Road, Kowloon","22.338456,114.186917",ATM_RMB,
wong_tai_sin_district,Wong Tai Sin District,Chuk Yuen Estate Branch,"Shop S1, Chuk Yuen Shopping Centre, Chuk Yuen South Estate, Kowloon","22.3451755,114.1930406",ATM_RMB,
wong_tai_sin_district,Wong Tai Sin District,Choi Hung Branch,"19 Clear Water Bay Road, Ngau Chi Wan, Kowloon","22.3342186,114.2088761",ATM_RMB,
wong_tai_sin_district,Wong Tai Sin District,Tseuk Luk Street Wealth Management Centre,"86 Tseuk Luk Street, San Po Kong, Kowloon","22.3354081,114.1972792",ATM_RMB,
wong_tai_sin_district,Wong Tai Sin District,MTR Lok Fu Station Self-Service Banking Centre,"Unpaid Concourse of MTR Lok Fu Station (LOF-ABC 1)","22.337732,114.187794","ATM_CENTRE,ATM_RMB,CASH_DEPOSIT_DUAL_CURRENCY,SELF_SERVICE",
wong_tai_sin_district,Wong Tai Sin District,Plaza Hollywood ATM Centre,"(Opposite to Shop G146) Level 1, Plaza Hollywood, Diamond Hill, KLN","22.340473,114.201872","ATM_CENTRE,ATM_RMB",
wong_tai_sin_district,Wong Tai Sin District,MTR Choi Hung Station,"MTR Choi Hung Station","22.3350404,114.2089034","ATM_CENTRE,ATM_RMB",
wong_tai_sin_district,Wong Tai Sin District,MTR Lok Fu Station,"MTR Lok Fu Station","22.3380591,114.1872801","ATM_CENTRE,ATM_RMB,SELF_SERVICE,CASH_DEPOSIT_DUAL_CURRENCY",
wong_tai_sin_district,Wong Tai Sin District,MTR Wong Tai Sin Station,"MTR Wong Tai Sin Station","22.3416942,114.1938046","ATM_CENTRE,ATM_RMB",
wong_tai_sin_district,Wong Tai Sin District,MTR Diamond Hill Station,"MTR Diamond Hill Station","22.339581,114.2018665","ATM_CENTRE,ATM_RMB",
wong_tai_sin_district,Wong Tai Sin District,Choi Ying Shopping Centre ATM Services,"ATM at Open Space Adjoining Shop 2, Choi Ying Place, Choi Ying Shopping Centre, Ngau Tau Kok","22.327949,114.214493","ATM_CENTRE,ATM_RMB",
wong_tai_sin_district,Wong Tai Sin District,Tsz Wan Shan Shopping Centre,"ATM No.2, 5/F, Tsz Wan Shan Shopping Centre, Tsz Lok Estate, 10 Wan Wah Street, Tsz Wan Shan, Kowloon","22.348177,114.200586","ATM_CENTRE,ATM_RMB",
wong_tai_sin_district,Wong Tai Sin District,TWGHs Wong Tai Sin Hospital,"2E (outside Security Office), Wong Tai Sin Hospital, 124 Shatin Pass Road, Wong Tai Sin, Kowloon","22.347117,114.195988","ATM_RMB,ATM_CENTRE",
wong_tai_sin_district,Wong Tai Sin District,Our Lady of Maryknoll Hospital,"G/F, East Wing, Our Lady of Maryknoll Hospital, 118 Shatin Pass Road, Wong Tai Sin, Kowloon","22.345490,114.196624","ATM_RMB,ATM_CENTRE",
kwun_tong_district,Kwun Tong District,Sau Mau Ping Branch,"Shop 214, Sau Mau Ping Shopping Centre, Sau Mau Ping, Kowloon","22.319718,114.231833","ATM_RMB,CASH_DEPOSIT_DUAL_CURRENCY",
kwun_tong_district,Kwun Tong District,Kwun Tong Plaza Branch,"G1 Kwun Tong Plaza, 68 Hoi Yuen Road, Kwun Tong, Kowloon","22.3114142,114.2259328",ATM_RMB,
kwun_tong_district,Kwun Tong District,177 Ngau Tau Kok Road Branch,"177 Ngau Tau Kok Road, Ngau Tau Kok, Kowloon","22.322378,114.216852",ATM_RMB,
kwun_tong_district,Kwun Tong District,26 Fu Yan Street Branch,"26-32 Fu Yan Street, Kwun Tong, Kowloon","22.3153835,114.2241094",ATM_RMB,
kwun_tong_district,Kwun Tong District,169 Ngau Tau Kok Road Branch,"169 Ngau Tau Kok Road, Ngau Tau Kok, Kowloon","22.3234497,114.2162683",ATM_RMB,
kwun_tong_district,Kwun Tong District,Telford Plaza Branch,"Shop Unit P2-P7, Telford Plaza, No.33 Wai Yip Street, Kowloon Bay, Kowloon","22.323876,114.212698",ATM_RMB,
kwun_tong_district,Kwun Tong District,Tsui Ping Estate Branch,"Shop 116, 1/F Shopping Circuit, Tsui Ping Estate, Kwun Tong, Kowloon","22.314777,114.229027",ATM_RMB,
kwun_tong_district,Kwun Tong District,Hip Wo Street Branch,"195-197 Hip Wo Street, Kwun Tong, Kowloon","22.3172156,114.2266442",ATM_RMB,
kwun_tong_district,Kwun Tong District,Yau Tong Branch,"Shop G1-G27, Ka Fu Arcade, Yau Tong Centre, Kowloon","22.2950082,114.2390001",ATM_RMB,
kwun_tong_district,Kwun Tong District,Lam Tin Branch,"Shop 12, 49 Kai Tin Road, Lam Tin, Kowloon","22.3085751,114.2343209",ATM_RMB,
kwun_tong_district,Kwun Tong District,Kowloon Bay Branch,"Shop 2, Telford House, 16 Wang Hoi Road, Kowloon Bay, Kowloon","22.322733,114.2109092",ATM_RMB,
kwun_tong_district,Kwun Tong District,Hoi Yuen Road Branch,"55 Hoi Yuen Road, Kwun Tong, Kowloon","22.310686,114.2248",ATM_RMB,
kwun_tong_district,Kwun Tong District,Choi Fook Estate,"1/F, Choi Hay House, Choi Fook Estate, Kwun Tong","22.32760615625934,114.21675592660904","ATM_CENTRE,ATM_RMB",
kwun_tong_district,Kwun Tong District,Ngau Tau Kok Road (Kwun Tong) Branch,"327 Ngau Tau Kok Road, Kwun Tong, Kowloon","22.3149123,114.2222592",ATM_RMB,
kwun_tong_district,Kwun Tong District,Ping Tin Shopping Centre ATM Services Centre,"No.203A, 2/F, Ping Tin Shopping Centre, Lam Tin, Kowloon","22.3063718,114.2369506","ATM_CENTRE,ATM_RMB",
kwun_tong_district,Kwun Tong District,MTR Tiu Keng Leng Station Self-Service Banking Centre,"Unpaid Concourse of MTR Tiu Keng Leng Station (Shop No.TIL 8)","22.304033,114.252205","ATM_CENTRE,ATM_RMB,CASH_DEPOSIT_DUAL_CURRENCY,SELF_SERVICE",
kwun_tong_district,Kwun Tong District,MTR Kowloon Bay Station,"MTR Kowloon Bay Station","22.3234646,114.2139496","ATM_CENTRE,ATM_RMB",
kwun_tong_district,Kwun Tong District,MTR Kwun Tong Station,"MTR Kwun Tong Station","22.3122633,114.2264356","ATM_CENTRE,ATM_RMB",
kwun_tong_district,Kwun Tong District,MTR Lam Tin Station,"MTR Lam Tin Station","22.3065678,114.2329823","ATM_CENTRE,ATM_RMB",
kwun_tong_district,Kwun Tong District,MTR Ngau Tau Kok Station,"MTR Ngau Tau Kok Station","22.315558,114.2192512","ATM_CENTRE,ATM_RMB",
kwun_tong_district,Kwun Tong District,MTR Yau Tong Station,"MTR Yau Tong Station","22.297903,114.2371179","ATM_CENTRE,ATM_RMB",
kwun_tong_district,Kwun Tong District,Domain,"Shop No.M07 on MTR Floor, Domain, Yau Tong, Kowloon","22.296236,114.238602","ATM_CENTRE,ATM_RMB,CASH_DEPOSIT_DUAL_CURRENCY,CHEQUE_DEPOSIT,SELF_SERVICE",
kwun_tong_district,Kwun Tong District,Sau Mau Ping (South) Estate,"ATM at Open Space Outside Estate Management Office, G/F., Sau Sin House, Sau Mau Ping (South) Estate","22.315313,114.234866","ATM_CENTRE,ATM_RMB",
kwun_tong_district,Kwun Tong District,Lok Wah (North) Estate,"ATM No.3, Third Floor, Multi-Storey Commercial/Car Park Accommodation (also known as Lok Wah (North) Shopping Centre), Lok Wah South and North Estate, No.70 Chun Wah Road, Ngau Tau Kok, Kowloon.","22.321833,114.219908","ATM_CENTRE,ATM_RMB",
kwun_tong_district,Kwun Tong District,Wang Kwun Road,"The Remaining Portion of Unit G1 on Ground Floor, Nam Fung Commercial Centre, 19 Lam Lok Street, Kowloon Bay, Kowloon","22.322588,114.208232","ATM_CENTRE,ATM_RMB,CASH_DEPOSIT_DUAL_CURRENCY,CHEQUE_DEPOSIT,SELF_SERVICE",
kwun_tong_district,Kwun Tong District,Kai Yip Commercial Centre,"ATM No.2 at G/F, Kai Yin House, Kai Yip Commercial Centre, Kwun Tong Road, Kowloon","22.328840,114.209794","ATM_CENTRE,ATM_RMB",
kwun_tong_district,Kwun Tong District,United Christian Hospital,"G/F, Block S, United Christian Hospital, 130 Hip Wo Street, Kwun Tong, Kowloon","22.322202,114.227656","ATM_RMB,ATM_CENTRE",
kwun_tong_district,Kwun Tong District,KMB Kowloon Bay Depot,"G/F. KMB Kowloon Bay Depot, No.1 Lam Wah Street , Kowloon Bay","22.323692,114.206964","ATM_RMB,ATM_CENTRE",
kwun_tong_district,Kwun Tong District,On Tat Shopping Centre,"Shop LG 15, Anderson Road, On Tat Shopping Centre, Kwun Tong, Kowloon","22.320997,114.234049","ATM_CENTRE,ATM_RMB,CASH_DEPOSIT_DUAL_CURRENCY,SELF_SERVICE",
kwai_tsing_district,Kwai Tsing District,Rambler Plaza,"Next to Shop 18 on Level 1, Rambler Plaza, Tsing Yi, New Territories","22.343678,114.109823","ATM_CENTRE,ATM_RMB",
kwai_tsing_district,Kwai Tsing District,Kwai Chung Road Branch,"1009 Kwai Chung Road, Kwai Chung, New Territories","22.3682492,114.1338268",ATM_RMB,
kwai_tsing_district,Kwai Tsing District,Sheung Kwai Chung Branch,"7-11 Shek Yi Road, Sheung Kwai Chung, New Territories","22.368389,114.1395255",ATM_RMB,
kwai_tsing_district,Kwai Tsing District,Ha Kwai Chung Branch,"192-194 Hing Fong Road, Kwai Chung, New Territories","22.3592102,114.1277388","ATM_RMB,CASH_DEPOSIT_DUAL_CURRENCY",
kwai_tsing_district,Kwai Tsing District,Cheung Hong Estate Commercial Centre Branch,"2 G/F, Commercial Centre, Cheung Hong Estate, Tsing Yi, New Territories","22.348817,114.105992",CASH_DEPOSIT_DUAL_CURRENCY,
kwai_tsing_district,Kwai Tsing District,Lei Muk Shue Branch,"Shop 22, Lei Muk Shue Shopping Centre, Kwai Chung, New Territories","22.3785699,114.1362328",ATM_RMB,
kwai_tsing_district,Kwai Tsing District,Kwai Chung Plaza Branch,"A18-20, G/F Kwai Chung Plaza, 7-11 Kwai Foo Road, Kwai Chung, NT","22.3583576,114.1280579",ATM_RMB,
kwai_tsing_district,Kwai Tsing District,Cheung Fat Estate Branch,"Shop 317, Cheung Fat Shopping Centre, Tsing Yi Island, New Territories","22.362473,114.103329",ATM_RMB,
kwai_tsing_district,Kwai Tsing District,Metroplaza Branch,"Shop 260-265, Metroplaza, 223 Hing Fong Road, Kwai Chung, New Territories","22.357828,114.126907",ATM_RMB,
kwai_tsing_district,Kwai Tsing District,Kwai Cheong Road Branch,"40 Kwai Cheong Road, Kwai Chung, New Territories","22.3643975,114.1326785",ATM_RMB,
kwai_tsing_district,Kwai Tsing District,Greenfield Garden ATM Services,"G/F, Greenfield Garden, Commercial Centre at Phase 2, Tsing Yi, New Territories","22.352397736367983,114.1083812713623","ATM_CENTRE,ATM_RMB",
kwai_tsing_district,Kwai Tsing District,Hutchison Logistics Centre ATM Services,"Hutchison Logistics Centre, Warehouse Pedestrian Entrance on M1/F, Kwai Chung, NT","22.340628921842708,114.12443161010742","ATM_CENTRE,ATM_RMB",
kwai_tsing_district,Kwai Tsing District,Cho Yiu Chuen,"1/F, Block A, Cho Yiu Chuen, Kwai Chung, NT","22.345583158173476,114.1285702586174","ATM_CENTRE,ATM_RMB",
kwai_tsing_district,Kwai Tsing District,MTR Kwai Hing Station,"MTR Kwai Hing Station","22.363279,114.1312033","ATM_CENTRE,ATM_RMB",
kwai_tsing_district,Kwai Tsing District,MTR Kwai Fong Station,"MTR Kwai Fong Station","22.357013,114.1279571","ATM_CENTRE,ATM_RMB",
kwai_tsing_district,Kwai Tsing District,MTR Lai King Station,"MTR Lai King Station","22.3483934,114.1261843","ATM_CENTRE,ATM_RMB",
kwai_tsing_district,Kwai Tsing District,MTR Tai Wo Hau Station,"MTR Tai Wo Hau Station","22.3709389,114.1249245","ATM_CENTRE,ATM_RMB",
kwai_tsing_district,Kwai Tsing District,Tai Wo Hau Shopping Centre ATM Services,"Next to Shop C8 at 3/F, Tai Wo Hau Shopping Centre","22.368449,114.123796","ATM_CENTRE,ATM_RMB",
kwai_tsing_district,Kwai Tsing District,Lei Muk Shue Shopping Centre ATM Services Centre,"Next to Shop 17, G/F Lei Muk Shue Shopping Ctr, Kwai Chung","22.378343,114.136684","ATM_CENTRE,ATM_RMB",
kwai_tsing_district,Kwai Tsing District,MTR Tsing Yi Station,"MTR Tsing Yi Station","22.3585318,114.1069773","ATM_CENTRE,ATM_RMB",
kwai_tsing_district,Kwai Tsing District,Kwai Fong Shopping Centre ATM Services,"1/F, Kwai Fong Shopping Centre, Kwai Fong Estate, Kwai Chung, NT","22.357963,114.129794","ATM_CENTRE,ATM_RMB",
kwai_tsing_district,Kwai Tsing District,Cheung Fat Estate ATM Services Centre,"Shop 316, 3/F, Cheung Fat Shopping Centre, Tsing Yi Island, New Territories","22.362460,114.103370","ATM_CENTRE,ATM_RMB",
kwai_tsing_district,Kwai Tsing District,Household Center,"Shop No.206 on 2nd Floor of the Household Center, No.8 King Lai Path, Kwai Chung, N.T.","22.341838,114.137660","ATM_CENTRE,ATM_RMB,CHEQUE_DEPOSIT",
kwai_tsing_district,Kwai Tsing District,Kwai Chung Shopping Centre,"ATM at open space facing Shop 101, Kwai Chung Shopping Centre","22.367554,114.127747","ATM_CENTRE,ATM_RMB",
kwai_tsing_district,Kwai Tsing District,Shek Yam Shopping Centre,"ATM No.1 at Open Space Opposite to Shop No.114, LG1, Multi-storey Commercial /Car Park Accommodation(also known as Shek Yam Shopping Centre), Shek Yam Estate, 120 Lei Muk Road, Kwai Chung, New Territories.","22.371545,114.138590","ATM_CENTRE,ATM_RMB",
kwai_tsing_district,Kwai Tsing District,Kerry Logistics ATM Services,"Outside P1 Lift Lobby, Kerry Cargo Centre, 55 Wing Kei Road, Kwai Chung, HK","22.3633509,114.1209574","ATM_CENTRE,ATM_RMB",
kwai_tsing_district,Kwai Tsing District,Asia Logistics Hub - S.F.Centre,"9/F, Asia Logistics Hub - S.F.Centre, 36. Tsing Yi  Hong Wan Road, Tsing Yi, N.T.","22.3344701,114.1114093","ATM_CENTRE,ATM_RMB",
kwai_tsing_district,Kwai Tsing District,Kwai Chung Hospital,"Lobby at Main Entrance, Lower Ground Service Block,Kwai Chung Hospital, 3-15 Kwai Chung Hospital Road, New Territories","22.343399,114.133432","ATM_RMB,ATM_CENTRE",
kwai_tsing_district,Kwai Tsing District,Cheung Hong Estate,"Shop No.202, 2/F, Cheung Hong Shopping Centre No.2, Cheung Hong Estate, 12 Ching Hong Road, Tsing Yi, New Territories","22.349830,114.098684","ATM_CENTRE,ATM_RMB,CHEQUE_DEPOSIT,CASH_DEPOSIT_DUAL_CURRENCY,SELF_SERVICE",
kwai_tsing_district,Kwai Tsing District,Kwai Shing East Shopping Centre,"ATM no.3 at open space near shop 132, 1/F Kwai Shing East Shopping Centre, Kwai Chung, New Territories","22.364089,114.127071","ATM_RMB,ATM_CENTRE",
tsuen_wan_district,Tsuen Wan District,Tsuen Wan Branch,"297-299 Sha Tsui Road, Tsuen Wan, New Territories","22.3692165,114.1176854",ATM_RMB,
tsuen_wan_district,Tsuen Wan District,Texaco Road Branch,"Shop A112,  East Asia Gardens, 36 Texaco Road, Tsuen Wan, NT","22.3684658,114.1222013","ATM_RMB,CASH_DEPOSIT_DUAL_CURRENCY",
tsuen_wan_district,Tsuen Wan District,Sham Tseng Branch,"Shop G1 & G2, Rhine Garden, Sham Tseng, New Territories","22.3677526,114.0606357","ATM_RMB,CASH_DEPOSIT_DUAL_CURRENCY",
tsuen_wan_district,Tsuen Wan District,Clague Garden Branch,"Shop 1-3, Commercial Complex, Clague Gdn Est, 24 Hoi Shing Rd, Tsuen Wan, NT","22.3702519,114.1111231","ATM_RMB,CASH_DEPOSIT_DUAL_CURRENCY",
tsuen_wan_district,Tsuen Wan District,Citywalk Branch,"Shop 65 & 67-69, G/F, Citywalk, 1 Yeung Uk Road, Tsuen Wan, New Territories","22.37031511271987,114.11455437541008","ATM_RMB,CASH_DEPOSIT_DUAL_CURRENCY",
tsuen_wan_district,Tsuen Wan District,Castle Peak Road (Tsuen Wan) Branch,"G/F-1/F, Sin Ching Building, 201-207 Castle Peak Road (Tsuen Wan), Tsuen Wan, New Territories","22.372516410313647,114.11761812865734",ATM_RMB,
tsuen_wan_district,Tsuen Wan District,Tsuen Wan Adventist Hospital,"199 Tsuen King Circuit L/G Cafeteria, Tsuen Wan Adventist Hospital, Tsuen Wan, NT","22.376485,114.103961","ATM_CENTRE,ATM_RMB",
tsuen_wan_district,Tsuen Wan District,MTR Tsuen Wan Station,"MTR Tsuen Wan Station","22.3736528,114.1178631","ATM_CENTRE,ATM_RMB",
tsuen_wan_district,Tsuen Wan District,Shek Lei Shopping Centre ATM Services,"Common Area Near Shop #1, 3/F Shek Lei Shopping Centre, Phase II","22.365722,114.139254","ATM_CENTRE,ATM_RMB",
tsuen_wan_district,Tsuen Wan District,West Rail Tsuen Wan West Station,"West Rail Tsuen Wan West Station","22.3687467,114.109761","ATM_CENTRE,ATM_RMB",
tsuen_wan_district,Tsuen Wan District,Luk Yeung Galleria,"Shop Unit G33, Luk Yeung Galleria, Tsuen Wan.","22.372795,114.119739","ATM_CENTRE,ATM_RMB,CASH_DEPOSIT_DUAL_CURRENCY,SELF_SERVICE",
tsuen_wan_district,Tsuen Wan District,Riviera Gardens,"ATM at the common area beside Shop No.120, Podium A, Riviera Gardens, Tsuen Wan.","22.363177,114.114413","ATM_CENTRE,ATM_RMB",
tsuen_wan_district,Tsuen Wan District,D∙PARK Automated Banking Centre,"Shop 2033, D∙PARK, 398 Castle Peak Road, Tsuen Wan, New Territories","22.3754075,114.111817","BOCHK_ISERVICE,ATM_CENTRE,ATM_RMB,CASH_DEPOSIT_DUAL_CURRENCY,CHEQUE_DEPOSIT,SELF_SERVICE",
tsuen_wan_district,Tsuen Wan District,Yan Chai Hospital,"G/F, Block C, Yan Chai Hospital, 7-11 Yan Chai Street, Tsuen Wan, New Territories","22.369733,114.119618","ATM_RMB,ATM_CENTRE",
tuen_mun_district,Tuen Mun District,Kin Wing Street Branch,"24-30 Kin Wing Street, Tuen Mun, New Territories","22.3965773,113.9696676",ATM_RMB,
tuen_mun_district,Tuen Mun District,Tuen Mun Fa Yuen Branch,"Shop G & H, 6 Tsing Hoi Circuit, Tuen Mun, New Territories","22.3886896,113.9786085",ATM_RMB,
tuen_mun_district,Tuen Mun District,Tuen Mun San Hui Branch,"G13-G14 Eldo Court, Heung Sze Wui Road, Tuen Mun, New Territories","22.3987014,113.9752953",ATM_RMB,
tuen_mun_district,Tuen Mun District,Venice Gardens Branch,"Shop13-15, G/F Venice Gardens, Leung Tak Street, Tuen Mun, NT","22.4076974,113.9686237",ATM_RMB,
tuen_mun_district,Tuen Mun District,Butterfly Estate Branch,"Shop Nos. R156 - R164, Level 1, Butterfly Plaza, Tuen Mun, New Territories","22.3748377,113.9627741",ATM_RMB,
tuen_mun_district,Tuen Mun District,Leung King Estate Branch,"Shop No. L221 and L222, Level 2, Leung King Plaza, Leung King Estate, 31 Tin King Road, Tuen Mun, New Territories","22.406358,113.962805",ATM_RMB,
tuen_mun_district,Tuen Mun District,Tuen Mun Town Plaza Branch,"Shop 2, Tuen Mun Town Plaza phase II, Tuen Mun, New Territories","22.393804,113.976071",ATM_RMB,
tuen_mun_district,Tuen Mun District,Oceania Heights,"Shop No.11 on Ground Floor, Oceania Heights, No.2 Hoi Chu Road, Tuen Mun, New Territories","22.383721,113.971423","ATM_CENTRE,ATM_RMB,CASH_DEPOSIT_DUAL_CURRENCY,SELF_SERVICE",
tuen_mun_district,Tuen Mun District,Shan King Shopping Centre ATM Services,"Next to Shop #121, Shan King Shopping Ctr, Shan King Est, Tuen Mun","22.396663,113.965815","ATM_CENTRE,ATM_RMB",
tuen_mun_district,Tuen Mun District,Fu Tai Shopping Centre,"Shop 4, Ground Floor, Fu Tai Shopping Centre, 9 Tuen Kwai Road, Tuen Mun, New Territories","22.413899,113.983378","ATM_CENTRE,ATM_RMB",
tuen_mun_district,Tuen Mun District,West Rail Siu Hong Station,"West Rail Siu Hong Station","22.4120875,113.9783114","ATM_CENTRE,ATM_RMB",
tuen_mun_district,Tuen Mun District,West Rail Tuen Mun Station,"Shop No.TUM 21 at Tuen Mun Station (West Rail Line) (with Voice Navigation ATM Service)","22.3939871,113.9724986","ATM_CENTRE,ATM_RMB,CASH_DEPOSIT_DUAL_CURRENCY",
tuen_mun_district,Tuen Mun District,Siu Hong Commercial Centre,"Shop 213, Siu Hong Commercial Centre, Siu Hong Court, Tuen Mun.","22.412426,113.978032","ATM_CENTRE,ATM_RMB,CASH_DEPOSIT_DUAL_CURRENCY,CHEQUE_DEPOSIT,SELF_SERVICE",
tuen_mun_district,Tuen Mun District,Tai Hing Shopping Centre,"ATM No.1 , Ground Floor, Commercial Block 1 Tai Hing Shopping Centre, Tai Hing Estate, Tuen Mun, New Territories.","22.399414,113.971944","ATM_CENTRE,ATM_RMB",
tuen_mun_district,Tuen Mun District,Tuen Mun H.A.N.D.S,"ATM No.2 on the Ground Floor (also known as Level 1) of Commercial Centre (also known as Zone S, H.A.N.D.S.), Yau Oi Estate,Yau Oi Road, Tuen Mun, NT.","22.3876644,113.9751923","ATM_CENTRE,ATM_RMB",
tuen_mun_district,Tuen Mun District,Tuen Mun Hospital (2/F),"Lobby, 2/F Rehabilitation Block,Tuen Mun Hospital, 23 Tsing Chung Koon Road, Tuen Mun, New Territories","22.410162,113.975861","ATM_RMB,ATM_CENTRE",
tuen_mun_district,Tuen Mun District,Castle Peak Hospital,"Room G31, G/F, Block C, Castle Peak Hospital, 15 Tsing Chung Koon Road, Tuen Mun, New Territories","22.409073,113.973001","ATM_RMB,ATM_CENTRE",
tuen_mun_district,Tuen Mun District,Tuen Mun Hospital(Atrium),"Atrium, Tuen Mun Hospital, 23 Tsing Chung Koon Road, Tuen Mun, New Territories","22.407223,113.976148","ATM_RMB,ATM_CENTRE",
yuen_long_district,Yuen Long District,Tin Ching Estate ATM Services,"G/F, Ching Wan House, Tin Ching Estate, Tin Shui Wai, N.T.","22.463090964657866,114.00335669517517","ATM_CENTRE,ATM_RMB",
yuen_long_district,Yuen Long District,Kau Yuk Road Branch,"18-24 Kau Yuk Road, Yuen Long, New Territories","22.4430091,114.0279004","ATM_RMB,CASH_DEPOSIT_DUAL_CURRENCY",
yuen_long_district,Yuen Long District,Yuen Long Branch,"102-108 Castle Peak Road, Yuen Long, New Territories","22.444271,114.029011","ATM_RMB,ATM_CENTRE",
yuen_long_district,Yuen Long District,Tin Shui Estate Branch,"Shop No.G30, Tin Shui Shopping Centre, Tin Shui Wai, New Territories","22.45620496857529,113.99847507476807",ATM_RMB,
yuen_long_district,Yuen Long District,Tai Tong Road Branch,"Shop A135, 1/F Hop Yick Plaza, 23 Tai Tong Road, Yuen Long, NT","22.4432189,114.0289251",ATM_RMB,
yuen_long_district,Yuen Long District,Kingswood Villas Branch,"A189 Kingswood Richly Plaza, Tin Shui Wai, New Territories","22.4514605,114.0019525",ATM_RMB,
yuen_long_district,Yuen Long District,Fortune Kingswood Branch,"Shop G65, G/F, Ph 1 Fortune Kingswood, 18 Tin Yan Road, Tin Shui Wai, NT.","22.458037,114.002785","ATM_RMB,CASH_DEPOSIT_DUAL_CURRENCY",
yuen_long_district,Yuen Long District,Castle Peak Road (Yuen Long) Branch,"162 Castle Peak Road, Yuen Long, New Territories","22.4443773,114.0270782",ATM_RMB,
yuen_long_district,Yuen Long District,Yuen Long (Hang Fat Mansion) Branch,"8-18 Castle Peak Road, Yuen Long, New Territories","22.4443379,114.0317002","ATM_RMB,CASH_DEPOSIT_DUAL_CURRENCY",
yuen_long_district,Yuen Long District,West Rail Kam Sheung Road Station,"West Rail Kam Sheung Road Station","22.4350295,114.0633911","ATM_CENTRE,ATM_RMB",
yuen_long_district,Yuen Long District,Hung Shui Kiu ATM Services Centre,"Shop 76, 1/F, Aster Court, 8 Hung Tai Rd, Hung Shui Kiu, Yuen Long, NT","22.4338635,113.9968609","ATM_CENTRE,ATM_RMB",
yuen_long_district,Yuen Long District,West Rail Yuen Long Station,"West Rail Yuen Long Station","22.4461076,114.0347266","ATM_CENTRE,ATM_RMB",
yuen_long_district,Yuen Long District,West Rail Tin Shui Wai Station,"West Rail Tin Shui Wai Station","22.4495854,114.0061797","ATM_CENTRE,ATM_RMB",
yuen_long_district,Yuen Long District,West Rail Long Ping Station,"West Rail Long Ping Station","22.4477415,114.02546","ATM_CENTRE,ATM_RMB",
yuen_long_district,Yuen Long District,Fairview Park,"Shop No.6A, G/F, Block E, Town Centre, Fairview Park, Yuen Long, New Territories.","22.477497,114.045017","ATM_CENTRE,ATM_RMB",
yuen_long_district,Yuen Long District,Kam Tin,"G/F & Portion of House No.3, Wing Lung Wai, Lot No.14 D.D.109, Yuen Long, New Territories.","22.441220,114.068224","ATM_CENTRE,ATM_RMB",
yuen_long_district,Yuen Long District,Chung Fu Shopping Centre,"ATM No.4, Ground Floor, Chung Fu Shopping Centre (Phase 2), Tin Shui Wai, N.T.","22.462242,113.997848","ATM_CENTRE,ATM_RMB,CASH_DEPOSIT_DUAL_CURRENCY",
yuen_long_district,Yuen Long District,Prosper Centre,"Shop 20 on G/F, Prosper Centre,No.29 Sau Fu Street,Yuen Long, N.T.","22.352734,114.1277","ATM_CENTRE,ATM_RMB,CASH_DEPOSIT_DUAL_CURRENCY,SELF_SERVICE",
yuen_long_district,Yuen Long District,Tin Chak Shopping Centre,"ATM No.7 , 1/F, Tin Chak Shopping Centre,Nos.71, 73, 75 and 77 Tin Shui Road, Tin Shui Wai, New Territories","22.468346,113.998672","ATM_CENTRE,ATM_RMB",
yuen_long_district,Yuen Long District,Chung Fu Plaza,"Shop No.L218A, 2/F, Chung Fu Plaza (Phase 1), 30 Tin Wah Road, Tin Shui Wai, New Territories","22.462237,113.997882","ATM_CENTRE,ATM_RMB,CASH_DEPOSIT_DUAL_CURRENCY,SELF_SERVICE",
yuen_long_district,Yuen Long District,Pok Oi Hospital,"Lobby, G/F, Pok Oi Hospital, Au Tau, Yuen Long, New Territories","22.445515,114.041822","ATM_RMB,ATM_CENTRE",
yuen_long_district,Yuen Long District,Shek Kong Tsuen Barracks,"Shek Kong Tsuen Barracks, Tsuen Kam Road, Kam Tin, New Territories","22.440067,114.079580","ATM_RMB,ATM_CENTRE",
yuen_long_district,Yuen Long District,San Tin Barracks,"San Tin Barracks, San Tin Highway, San Tin, Yuen Long, New Territories","22.496817,114.079102","ATM_CENTRE,ATM_RMB",
north_district,North District,Flora Plaza Branch,"Shop 28, Flora Plaza, 88 Pak Wo Road, Fanling, New Territories","22.485459,114.141243",ATM_RMB,
north_district,North District,Sheung Shui Branch,"61 San  Fung Avenue, Sheung Shui, New Territories","22.504783,114.1271462",ATM_RMB,
north_district,North District,Choi Yuen Plaza Branch,"Shop R9-10, 3/F, Choi Yuen Plaza, Sheung Shui, New Territories","22.500825,114.126296","ATM_RMB,CASH_DEPOSIT_DUAL_CURRENCY",
north_district,North District,Sha Tau Kok Branch,"Block 16-18, Sha Tau Kok Chuen, Sha Tau Kok, New Territories","22.5464161,114.2241331",ATM_RMB,
north_district,North District,Luen Wo Market Branch,"17-19 Wo Fung Street, Luen Wo Market, Fanling, New Territories","22.4985767,114.1423926","ATM_RMB,CASH_DEPOSIT_DUAL_CURRENCY",
north_district,North District,Fanling Centre Branch,"Shop 2D-E & H, Fanling Centre, Fanling, New Territories","22.4912966,114.1414928",ATM_RMB,
north_district,North District,Sheung Shui Centre Branch,"Shop 1007-1009, Level 1, Sheung Shui Centre, Sheung Shui,New Territories","22.501096,114.129489",ATM_RMB,
north_district,North District,Ka Fuk Shopping Centre,"G/F Commercial / Car Park Block, Ka Fuk Estate, Fanling, N.T.","22.493317875646802,114.13575053215027","ATM_CENTRE,ATM_RMB",
north_district,North District,Luen Wo Market Branch Safe Box Service Centre,"Shop B, 10-16 Luen Shing Street, Luen Wo  Market, Fanling, New Territories","22.498650148728977,114.1423212736845",ATM_RMB,
north_district,North District,Sheung Shui Branch Securities Services Centre,"136 San Fung Avenue, Sheung Shui, New Territories","22.5033043,114.1266542",ATM_RMB,
north_district,North District,East Rail Sheung Shui Station,"Shop No.SHS 6 at Paid Concourse of MTR Sheung Shui Station","22.501877167576904,114.12732034921646","ATM_CENTRE,ATM_RMB,CASH_DEPOSIT_DUAL_CURRENCY,CHEQUE_DEPOSIT,SELF_SERVICE",
north_district,North District,Ching Ho Estate ATM Services,"G/F Ching Yu House Ammex Block, Ching Ho Estate, Sheung Shui","22.4943,114.127195","ATM_CENTRE,ATM_RMB",
north_district,North District,East Rail Lo Wu Station,"East Rail Lo Wu Station","22.5289987,114.1130299","ATM_CENTRE,ATM_RMB",
north_district,North District,East Rail Tai Wo Station,"East Rail Tai Wo Station","22.4509989,114.1611966","ATM_CENTRE,ATM_RMB",
north_district,North District,East Rail Fanling Station,"East Rail Fanling Station","22.4919945,114.1389248","ATM_CENTRE,ATM_RMB",
north_district,North District,East Rail Lo Ma Chau Station,"East Rail Lo Ma Chau Station","22.5152125,114.0645618","ATM_CENTRE,ATM_RMB",
north_district,North District,Sheung Shui Tin Ping Estate ATM Centre,"121 Tin Ping Shopping Centre, Tin Ping Estate, Sheung Shui, N.T.","22.503546,114.133831","ATM_CENTRE,ATM_RMB",
north_district,North District,Yung Shing Shopping Centre,"G/F, Yung Shing Shopping Ctr, 22 Wah Ming Road, Fanling, NT","22.482584,114.138579","ATM_CENTRE,ATM_RMB",
north_district,North District,Sun Wai Barracks,"San Wai Barracks Sha Tau Kok Road, Lung Yeuk Tau, N.T.","22.507355,114.153172","ATM_CENTRE,ATM_RMB",
north_district,North District,North District Hospital,"Main Entrance, G/F, North District Hospital, 9 Po Kin Road, Sheung Shui, New Territories","22.496649,114.124448","ATM_RMB,ATM_CENTRE",
tai_po_district,Tai Po District,Kwong Fuk Road Branch,"40-50 Kwong Fuk Road, Tai Po Market, New Territories","22.4490089,114.166092",ATM_RMB,
tai_po_district,Tai Po District,On Chee Road Branch,"Shop 10 Level 1, Jade Plaza, 3 On Chee Road, Tai Po, New Territories","22.4528903,114.167976",ATM_RMB,
tai_po_district,Tai Po District,Fu Shin Estate Branch,"Shop G11, Fu Shin Shopping Centre, Tai Po, New Territories","22.453706,114.174439",ATM_RMB,
tai_po_district,Tai Po District,Tai Po Branch,"68-70 Po Heung Street, Tai Po Market, New Territories","22.4479003,114.1662729",ATM_RMB,
tai_po_district,Tai Po District,Tai Po Plaza Branch,"Unit 4, Level 1 Tai Po Plaza, 1 On Tai Road, Tai Po, New Territories","22.452502,114.1706796",ATM_RMB,
tai_po_district,Tai Po District,Fu Heng Estate Branch,"Shop 1-2, Fu Heng Shopping Centre, Tai Po, New Territories","22.458164,114.172146",ATM_RMB,
tai_po_district,Tai Po District,Tai Yuen Market ATM Services,"Unit#411, G/F, Tai Yuen Market, 10 Ting Kok Road, Tai Po, NT","22.45417727746306,114.16803359985352","ATM_CENTRE,ATM_RMB",
tai_po_district,Tai Po District,East Rail Tai Po Market Station,"East Rail Tai Po Market Station","22.4446918,114.1703949","ATM_CENTRE,ATM_RMB",
tai_po_district,Tai Po District,Tai Po Mega Mall,"Open Space OS-9 on Level 1, Zone D, Tai Po Mega Mall, Tai Po, New Territories","22.451487,114.170132","ATM_CENTRE,ATM_RMB",
tai_po_district,Tai Po District,Mayfair by the Sea,"LG ATM, Floor LG, Mayfair by the Sea II, 21 Fo Chun Road, Tai Po, New Territories","22.431234,114.204467","ATM_CENTRE,ATM_RMB",
tai_po_district,Tai Po District,Tai Wo Plaza,"ATM No.4 at L1, Tai Wo Plaza (East Wing), 12 Tai Po Tai Wo Road, Tai Wo, N.T.","22.450635,114.160788","ATM_CENTRE,ATM_RMB",
tai_po_district,Tai Po District,Alice Ho Miu Ling Nethersole Hospital,"G/F, Block A, Alice Ho Miu Ling Nethersole Hospital, 11 Chuen On Road, Tai Po, New Territories","22.458535,114.175390","ATM_RMB,ATM_CENTRE",
sha_tin_district,Shatin District,Lung Hang Estate Branch,"103 Lung Hang Commercial Centre, Shatin, NT","22.368046,114.179612",ATM_RMB,
sha_tin_district,Shatin District,Heng On Estate Branch,"Shop 203, Commercial Centre, Heng On Estate, Ma On Shan, New Territories","22.416753,114.227721",ATM_RMB,
sha_tin_district,Shatin District,City One Sha Tin Branch,"Shop Nos. 24-25, G/F, Fortune City One Plus, No.2 Ngan Shing Street, Shatin, New Territories","22.387196,114.202735",ATM_RMB,
sha_tin_district,Shatin District,Tai Wai Branch,"74-76 Tai Wai Road, Shatin, NT","22.3744989,114.1781553",ATM_RMB,
sha_tin_district,Shatin District,Lek Yuen Branch,"No 1, Fook Hoi House, Lek Yuen Estate, Shatin, NT","22.3853785,114.19196",ATM_RMB,
sha_tin_district,Shatin District,Fo Tan Branch,"No 2, 1/F Shatin Galleria, 18-24 Shan Mei Street, Fo Tan, New Territories","22.397241,114.193418",ATM_RMB,
sha_tin_district,Shatin District,New Town Plaza Branch,"Shop 608, Level 6 Phase One, New Town Plaza, Shatin, NT","22.381852,114.187907",ATM_RMB,
sha_tin_district,Shatin District,Sha Kok Estate Branch,"Shop 39, Sha Kok Shopping Centre, Sha Kok Est, Shatin, NT","22.37779,114.194261",ATM_RMB,
sha_tin_district,Shatin District,Ma On Shan Plaza Branch,"Shop 2103, Level 2, Ma On Shan Plaza, Sai Sha Road, Ma On Shan, New Territories","22.4257441,114.2307066",ATM_RMB,
sha_tin_district,Shatin District,Sha Tin Branch,"Shop 20, Level 1, Lucky Plaza, 1-15 Wang Pok Street, Shatin, New Territories","22.3833255,114.1898673",ATM_RMB,
sha_tin_district,Shatin District,Shek Mun Estate,"G/F, Kin Shek House, Shek Mun Estate, Shatin","22.38689467775278,114.20916259288788","ATM_CENTRE,ATM_RMB",
sha_tin_district,Shatin District,Jubilee Square,"Venue A on 2/F, Jubilee Square No.2-18 Lok King Street, Fo Tan, Shatin, New Territories.","22.397958,114.200282","ATM_CENTRE,ATM_RMB,SELF_SERVICE,CASH_DEPOSIT_DUAL_CURRENCY",
sha_tin_district,Shatin District,East Rail University Station,"East Rail University Station","22.413378,114.2100038","ATM_CENTRE,ATM_RMB",
sha_tin_district,Shatin District,Fo Tan Station,"MTR Station Shop No. FOT 5 at Paid Concourse of Fo Tan Station","22.39502,114.1980787","ATM_CENTRE,ATM_RMB",
sha_tin_district,Shatin District,Ma On Shan Tai Shui Hang Station,"Ma On Shan Tai Shui Hang Station","22.4079662,114.2225562","ATM_CENTRE,ATM_RMB",
sha_tin_district,Shatin District,Saddle Ridge Garden ATM Centre,"1/F Shopping Ctr, Saddle Ridge Garden, 6 Kam Ying Rd, Ma On Shan, NT","22.424006,114.237438","ATM_CENTRE,ATM_RMB",
sha_tin_district,Shatin District,Shatin Racecourse (Member Stand) ATM Services Centre,"Shatin Racecourse - Member's Main Entrance","22.400992,114.205178","ATM_CENTRE,ATM_RMB",
sha_tin_district,Shatin District,Shatin Racecourse (Public Stand) ATM Services Centre,"Shatin Racecourse - Groundstand II 1/F","22.400992,114.205178","ATM_CENTRE,ATM_RMB",
sha_tin_district,Shatin District,Ma On Shan Che Kung Temple Station,"Ma On Shan Che Kung Temple Station","22.3748005,114.1861067","ATM_CENTRE,ATM_RMB",
sha_tin_district,Shatin District,Ma On Shan Heng On Station,"Ma On Shan Heng On Station","22.4181164,114.2259521","ATM_CENTRE,ATM_RMB",
sha_tin_district,Shatin District,Ma On Shan Wu Kai Sha Station,"Ma On Shan Wu Kai Sha Station","22.4292713,114.2440546","ATM_CENTRE,ATM_RMB",
sha_tin_district,Shatin District,Ma On Shan Shek Mun Station,"Ma On Shan Shek Mun Station","22.3879694,114.2092057","ATM_CENTRE,ATM_RMB",
sha_tin_district,Shatin District,Ma On Shan Tai Wai Station,"Shop No.35 at Paid Concourse of MTR Tai Wai Station MOS Rail","22.3729071,114.1784965","ATM_CENTRE,ATM_RMB,CASH_DEPOSIT_DUAL_CURRENCY",
sha_tin_district,Shatin District,Ma On Shan Sha Tin Wai Station,"Shop No.3 at Paid Concourse of MTR Sha Tin Wai Station MOS Rail","22.3771576,114.1951337","ATM_CENTRE,ATM_RMB,CASH_DEPOSIT_DUAL_CURRENCY",
sha_tin_district,Shatin District,Ma On Shan City One Station,"Shop No.4 at Paid Concourse of MTR City One Station MOS Rail","22.3830159,114.2035163","ATM_CENTRE,ATM_RMB,CASH_DEPOSIT_DUAL_CURRENCY",
sha_tin_district,Shatin District,Ma On Shan Station,"Ma On Shan Station","22.42548,114.231057","ATM_CENTRE,ATM_RMB",
sha_tin_district,Shatin District,East Rail Sha Tin Station,"East Rail Sha Tin Station","22.3820852,114.1870186","ATM_CENTRE,ATM_RMB",
sha_tin_district,Shatin District,Shatin Racecourse - Grandstand II 6/F,"Shatin Racecourse - Grandstand II 6/F","22.400570,114.204192","ATM_CENTRE,ATM_RMB",
sha_tin_district,Shatin District,Mei Lam Shopping Centre,"ATM No.1, 1/F, Open Space next to post office, Mei Lam Shopping Centre, Mei Lam Estate, Tai Wai, N.T.","22.378129,114.176056","ATM_CENTRE,ATM_RMB",
sha_tin_district,Shatin District,Union Hospital,"18 Fu Kin Street, Tai Wai, Shatin, New Territories.","22.360463,114.175274","ATM_CENTRE,ATM_RMB",
sha_tin_district,Shatin District,Chevalier Garden,"Shop 2C of Partion A of Shop 2 on G/F Chevalier Garden, No.2 Hang Shun Street, Shatin, N.T.","22.405011,114.223258","ATM_CENTRE,ATM_RMB",
sha_tin_district,Shatin District,Hin Keng Shopping Centre,"ATM No.3 , Ground Floor, Hin Keng Shopping Centre, Hin Keng Estate, No.69 Che Kung Miu Road, Shatin, New Territories.","22.363864,114.171799","ATM_CENTRE,ATM_RMB",
sha_tin_district,Shatin District,Wo Che Plaza,"ATM No.5 , Second Floor, Wo Che Plaza, Wo Che Estate, 3 Tak Hau Street, Shatin, New Territories.","22.388090,114.194997","ATM_CENTRE,ATM_RMB",
sha_tin_district,Shatin District,Chung On Shopping Centre,"ATM No.4, 1/F, Chung On  Shopping Centre, Chung On Estate, Sai Sha Road, Ma On Shan, Shatin, New Territories","22.348177,114.200586","ATM_CENTRE,ATM_RMB",
sha_tin_district,Shatin District,Pok Hong Estate,"Shop No.125, Pok Hong Commercial Centre, Pok Hong Estate, Shatin","22.3750322,114.1912206","ATM_CENTRE,ATM_RMB",
sha_tin_district,Shatin District,Shatin Racecourse (Grandstand II 2/F),"2/F, Grandstand II, Shatin Racecourse","22.4005805,114.204742",ATM_CENTRE,
sha_tin_district,Shatin District,Sun Chui Shopping Centre,"ATM No.1, G/F, Sun Chui Shopping Centre, Sun Chui Estate, 2 Chui Tin Street, Shatin, New Territories","22.369142,114.181661",ATM_CENTRE,
sha_tin_district,Shatin District,Shui Chuen O Plaza Automated Banking Centre,"Shop No. 208, 2/F, Shui Chuen O Plaza, Shui Chuen O Estate, 1 Pok Chuen Street, Shatin, New Territories","22.373487,114.197573","BOCHK_ISERVICE,ATM_CENTRE,ATM_RMB,CASH_DEPOSIT_DUAL_CURRENCY,CHEQUE_DEPOSIT,SELF_SERVICE",
sha_tin_district,Shatin District,Prince of Wales Hospital (1/F),"1/F, Main Clinical Block and Trauma Centre, Prince of Wales Hospital, 30-32 Ngan Shing Street, Shatin, New Territories","22.380785,114.202620","ATM_RMB,ATM_CENTRE",
sha_tin_district,Shatin District,Prince of Wales Hospital (2/F),"2/F, Main Block, Prince of Wales Hospital, 30-32 Ngan Shing Street, Shatin, New Territories","22.379380,114.200995","ATM_RMB,ATM_CENTRE",
sai_kung_district,Sai Kung District,Sai Kung Branch,"56 & 58, Sai Kung Town Centre, 22-40 Fuk Man Road, Sai Kung, N.T.","22.382761,114.27169",ATM_RMB,
sai_kung_district,Sai Kung District,Metro City Branch,"Shop 209, Level 2, Metro City Phase 1, Tseung Kwan O, New Territories","22.321438,114.257577",ATM_RMB,
sai_kung_district,Sai Kung District,Tseung Kwan O Plaza Branch,"Shop 112-125, Level 1, Tseung Kwan O Plaza, Tseung Kwan O, NT","22.307886,114.2624365",ATM_RMB,
sai_kung_district,Sai Kung District,East Point City Branch,"Shop 101, East Point City, Tseung Kwan O, New Territories","22.316054,114.265478",ATM_RMB,
sai_kung_district,Sai Kung District,HKUST Branch,"The HKUST, Clear Water Bay Rd, NT","22.337443,114.263498",ATM_RMB,
sai_kung_district,Sai Kung District,Hau Tak Estate Branch Securities Services Centre,"Shop W015-016, G/F, West Wing TKO Gateway, Hau Tak Estate, Tseung Kwan O, New Territories","22.317229,114.266286",ATM_RMB,
sai_kung_district,Sai Kung District,MTR Po Lam Station Self-Service Banking Centre,"Unpaid Concourse of MTR Po Lam Station Shop (Shop #POA 8)","22.3228576,114.2577732","ATM_CENTRE,ATM_RMB,CASH_DEPOSIT_DUAL_CURRENCY,SELF_SERVICE",
sai_kung_district,Sai Kung District,MTR Tseung Kwan O Station Self-Service Banking Centre,"Unpaid Concourse of MTR Tseung Kwan O ( Shop #TKO 8)","22.3074394,114.2598617","ATM_CENTRE,ATM_RMB,CASH_DEPOSIT_DUAL_CURRENCY,SELF_SERVICE",
sai_kung_district,Sai Kung District,MTR Hang Hau Station,"MTR Hang Hau Station","22.3157373,114.2643617","ATM_CENTRE,ATM_RMB",
sai_kung_district,Sai Kung District,Po Lam Estate Self-Service Banking Centre,"Shop 106, Po Lam Shopping Centre, Tseung Kwan O","22.325245,114.255891","ATM_CENTRE,ATM_RMB,CASH_DEPOSIT_DUAL_CURRENCY,SELF_SERVICE",
sai_kung_district,Sai Kung District,Tsui Lam Estate Self-Service Banking Centre,"Shop 134, 5/F Tsui Lam Shopping Ctr, Tsui Lam Est, Tseung Kwan O, New Territories","22.3229,114.248978","ATM_CENTRE,ATM_RMB,CASH_DEPOSIT_DUAL_CURRENCY,SELF_SERVICE",
sai_kung_district,Sai Kung District,HKUST ATM Centre,"Entrance of Academic Concourse, HKUST, Clear Water Bay Rd, NT","22.337443,114.263498","ATM_CENTRE,ATM_RMB",
sai_kung_district,Sai Kung District,MTR LOHAS Park Station,"MTR LOHAS Park Station","22.2947607,114.2685167","ATM_CENTRE,ATM_RMB,CASH_DEPOSIT_DUAL_CURRENCY",
sai_kung_district,Sai Kung District,Sheung Tak Plaza,"ATM No.3, 1/F, Sheung Tak Plaza, Sheung Tak Estate, 2 Tong Ming Street, Tseung Kwan O, N.T.","22.311037,114.258878","ATM_CENTRE,ATM_RMB",
sai_kung_district,Sai Kung District,HKUST Lee Shau Kee Business Building,"G/F, Lee Shau Kee Business Building, The Hong Kong University of Science and Technology, Clear Water Bay Road, NT.","22.3348664,114.2641663","ATM_CENTRE,ATM_RMB",
sai_kung_district,Sai Kung District,Choi Ming Shopping Centre,"ATM No.4, 1/F, Choi Ming Shopping Centre, Choi Ming Court, 1 Choi Ming Street, Tseung Kwan O, New Territories","22.3059715,114.2513179",ATM_CENTRE,
sai_kung_district,Sai Kung District,Tseung Kwan O (The Grandiose) Branch,"Shop G59-60, G/F, Popcorn, Tseung Kwan O Town, New Territories","22.308558,114.261564","ATM_RMB,ATM_CENTRE,CASH_DEPOSIT_DUAL_CURRENCY,CHEQUE_DEPOSIT,SELF_SERVICE",
sai_kung_district,Sai Kung District,Tseung Kwan O Hospital,"LG/F, Main Block, Tseung Kwan O Hospital, No. 2 Po Ning Lane, Hang Hau, Tseung Kwan O, New Territories","22.317884,114.269864","ATM_RMB,ATM_CENTRE",
sai_kung_district,Sai Kung District,Haven of Hope Hospital,"G/F, Haven of Hope Hospital, 8 Haven of Hope Road, Tseung Kwan O, Kowloon","22.313980,114.256257","ATM_RMB,ATM_CENTRE",
island_district,Outlying Island District,Cheung Chau Branch,"53-55 Tai Sun Street, Cheung Chau, New Territories","22.2067038,114.0285933",ATM_RMB,
island_district,Outlying Island District,Hong Kong International Airport Branch,"Unit 7T075, Passenger Terminal Bldg, Hong Kong International Airport","22.314425,113.934751","",
island_district,Outlying Island District,Yat Tung Estate ATM Services,"1/F, Commercial Blocks, Yat Tung Estate, 8 Yat Tung Street, Tung Chung, N.T.","22.279911,113.935797","ATM_CENTRE,ATM_RMB",
island_district,Outlying Island District,Caribbean Square ATM Services,"1/F Caribbean Square, Tung Chung, The Lantau, N.T.","22.293588,113.95142","ATM_CENTRE,ATM_RMB",
island_district,Outlying Island District,MTR Tung Chung Station,"MTR Tung Chung Station","22.2894283,113.9413878","ATM_CENTRE,ATM_RMB",
island_district,Outlying Island District,Super Terminal No. 1 ATM Centre,"(Lifts Lobby) South, G/F Super Terminal No.1 Chek Lap Kok, Lantau","22.29772350792189,113.92929017543793","ATM_CENTRE,ATM_RMB",
island_district,Outlying Island District,Sky Plaza,"Unit No. 3P043A, Sky Plaza at Terminal 2, Hong Kong International Airport","22.316433,113.938066","ATM_CENTRE,CASH_DEPOSIT_DUAL_CURRENCY,SELF_SERVICE,ATM_RMB",
island_district,Outlying Island District,Cathay City,"1/F Central Tower, Cathay City 8 Scenic Rd, HK International Airport","22.2980015,113.9331485","ATM_CENTRE,ATM_RMB",
island_district,Outlying Island District,Cathay Pacific Cargo Terminal,"3/F, 3 Chun Wan Road, Cathay Pacific Cargo Terminal, Hong Kong International Airport, Chek Lap Kok","22.297177,113.928995","ATM_CENTRE,ATM_RMB",
island_district,Outlying Island District,Discovery Bay Banking Services Centre,"Shop G28, G/F, Block C, DB Plaza, Discovery Bay City, Lantau Island, New Territories","22.29554,114.0166","ATM_CENTRE,SELF_SERVICE,CASH_DEPOSIT_DUAL_CURRENCY,CHEQUE_DEPOSIT",
island_district,Outlying Island District,Hong Kong International Airport_5G086B,"Unit No.5G086B at 5/F arrivals Hong Kong International Airport, Chek Lap Kok, Hong Kong (with RMB cash withdrawal)","22.315901,113.936618",ATM_CENTRE,
island_district,Outlying Island District,Hong Kong International Airport_5T030B,"Unit No.5T030B at at 5/F arrivals Hong Kong International Airport, Chek Lap Kok, Hong Kong (with RMB cash withdrawal)","22.314463,113.934064",ATM_CENTRE,
island_district,Outlying Island District,Hong Kong International Airport_6W002,"Unit No.6W002 at 6/F departures Hong Kong International Airport, Chek Lap Kok, Hong Kong (with RMB cash withdrawal)","22.313460,113.926816",ATM_CENTRE,
island_district,Outlying Island District,Hong Kong International Airport_5T099E,"Unit No.5T099E at 5/F arrivals Hong Kong International Airport, Chek Lap Kok, Hong Kong (with RMB cash withdrawal)","22.315790,113.933392",ATM_CENTRE,
island_district,Outlying Island District,Hong Kong International Airport_5E002,"Unit No.5E002 at 5/F arrivals Hong Kong International Airport, Chek Lap Kok, Hong Kong (with RMB cash withdrawal)","22.315181,113.933588",ATM_CENTRE,
island_district,Outlying Island District,Hong Kong International Airport_7E004,"Unit No.7E004 at 7/F departures Hong Kong International Airport, Chek Lap Kok, Hong Kong (with RMB cash withdrawal)","22.315744,113.933440",ATM_CENTRE,
island_district,Outlying Island District,Hong Kong International Airport_6E200,"Unit No.6E002 at 6/F departures Hong Kong International Airport, Chek Lap Kok, Hong Kong (with RMB cash withdrawal)","22.314484,113.934697",ATM_CENTRE,
island_district,Outlying Island District,Hong Kong International Airport_3P002,"Unit No.3P002 at 3/F Hong Kong International Airport, Chek Lap Kok, Hong Kong (with RMB cash withdrawal)","22.316013,113.938644",ATM_CENTRE,
island_district,Outlying Island District,Hong Kong International Airport_7T002,"Unit No.7T002 at 7/F departures Hong Kong International Airport, Chek Lap Kok, Hong Kong (with RMB cash withdrawal)","22.314375,113.934279",ATM_CENTRE,
island_district,Outlying Island District,Hong Kong International Airport_6W004,"Unit No.6W004 at 6/F departures Hong Kong International Airport, Chek Lap Kok, Hong Kong (with RMB cash withdrawal)","22.310965,113.926577",ATM_CENTRE,
island_district,Outlying Island District,North Lantau Hospital,"1/F, North Lantau Hospital, 8 Chung Yan Road, Tung Chung, New Territories","22.282037,113.940172","ATM_RMB,ATM_CENTRE",
island_district,Outlying Island District,Hong Kong International Airport_6MC014 Midfield,"Unit No.6MC014 Midfield Concourse at Hong Kong International Airport, Chek Lap Kok, Hong Kong (with RMB cash withdrawal)","22.312767,113.926841",ATM_CENTRE,